1;1
1;1
1;0
1;1
1;1
1;1
1;0
1;0
1;1
1;1
1;1
1;1
1;1
1;0
1;1
1;1
1;1
1;1
1;1
1;0
1;1
1;0
1;1
1;1
1;0
1;1
1;1
1;0
1;1
1;1
1;1
1;1
2;19
1;25
1;0
1;1
1;0
1;1
1;1
1;1
1;1
1;1
1;1
2;244
1;251
1;2
1;1
1;0
1;1
1;0
1;1
1;1
1;1
1;1
1;0
1;1
1;2
1;1
1;1
1;2
1;1
1;0
1;0
1;1
1;0
2;204
1;210
1;0
1;2
1;1
1;2
1;0
1;0
1;0
1;1
1;2
1;1
1;1
1;1
1;2
1;1
1;0
1;0
1;1
1;1
1;1
1;0
1;0
1;0
1;0
1;1
1;1
1;1
1;1
1;1
1;1
1;1
1;0
1;1
1;1
1;0
1;1
2;127
1;133
1;1
1;1
1;1
1;0
1;0
1;0
1;1
1;0
1;0
1;1
1;1
1;1
1;1
1;1
1;1
2;292
1;298
1;1
1;1
1;1
1;1
1;1
1;0
1;1
1;1
1;1
1;0
1;0
2;114
1;120
1;0
1;1
2;517
1;523
1;1
1;0
1;1
1;2
1;0
1;1
2;185
1;191
1;1
1;0
1;1
1;0
1;1
1;1
1;1
1;0
2;124
1;130
1;1
1;0
1;1
1;1
2;1169
1;1175
1;0
1;1
1;0
1;1
1;0
1;0
1;1
1;0
1;1
1;1
1;0
1;1
1;1
1;2
1;0
1;1
1;1
1;1
1;1
1;1
1;0
1;0
1;0
1;1
1;0
1;1
1;0
1;1
1;0
1;1
1;1
1;1
1;1
1;0
1;0
1;1
1;1
1;0
1;2
1;0
1;1
1;1
1;1
1;0
1;0
1;0
1;0
1;3
2;51
1;57
2;243
1;249
2;309
1;315
1;1
1;1
1;1
2;16
1;21
1;0
1;1
1;1
1;0
1;0
1;0
1;1
1;1
1;2
1;1
2;138
1;144
2;200
1;207
1;2
1;0
1;1
1;0
1;1
1;0
1;0
1;0
1;1
1;0
1;0
1;0
3;8
1;1
1;2
1;0
1;1
1;1
1;0
1;1
1;0
1;0
1;1
1;0
2;111
1;117
1;0
1;0
1;0
1;0
1;1
1;0
1;1
1;1
1;0
1;2
1;0
1;1
1;0
1;1
2;773
1;779
1;1
1;0
1;0
1;0
1;1
1;1
1;0
1;1
1;1
2;433
1;439
1;1
1;0
1;0
1;1
1;0
1;0
1;1
2;216
1;222
1;0
1;1
1;0
1;0
1;0
1;0
1;0
1;1
1;0
1;0
1;0
1;1
2;415
1;421
1;0
2;39
1;45
1;0
1;0
1;1
1;0
1;0
1;0
1;0
1;1
1;0
1;0
1;1
1;1
1;0
1;1
1;2
1;1
1;0
1;1
1;1
1;0
1;0
1;1
1;0
1;0
1;1
2;58
1;64
1;0
1;0
1;2
1;1
1;1
1;1
1;1
1;1
1;1
1;0
1;0
1;0
1;1
1;1
1;0
1;1
1;0
1;0
1;0
1;1
1;0
2;616
1;623
1;0
1;1
1;0
1;1
2;507
1;513
1;0
1;0
1;1
1;0
1;1
1;1
1;1
2;163
1;169
1;0
2;320
1;326
1;0
1;2
1;0
1;1
1;0
1;1
1;1
1;1
1;1
1;0
1;0
1;1
1;1
1;0
1;0
1;1
1;1
1;1
1;0
1;0
1;0
1;0
1;0
1;0
1;1
1;1
2;30
1;36
1;2
1;1
1;1
1;0
1;0
1;0
1;1
1;0
1;0
1;1
1;0
1;1
1;1
1;1
1;1
1;0
1;1
1;1
1;0
1;2
1;0
1;0
1;1
1;1
1;0
1;2
1;0
1;2
1;0
1;1
1;1
1;0
1;0
1;1
1;0
1;1
1;0
1;0
1;1
1;0
1;1
1;1
1;0
1;0
1;0
1;0
1;1
1;1
1;1
1;0
1;1
1;1
2;46
1;52
1;1
1;1
1;1
1;0
1;2
1;2
1;2
1;1
1;1
1;1
1;0
1;1
1;0
1;1
1;2
2;334
1;341
1;0
1;0
1;1
1;1
1;0
1;1
1;1
1;1
1;0
1;0
1;1
1;1
1;1
1;0
1;0
1;1
1;0
1;1
1;0
1;1
1;1
1;1
1;0
1;0
1;2
1;1
1;0
1;0
1;0
1;0
1;0
1;0
2;177
1;183
2;243
1;249
1;0
1;0
1;0
1;0
1;0
1;1
1;0
1;0
2;279
1;286
2;350
1;356
1;0
1;0
1;0
1;1
1;1
1;0
1;1
1;1
1;0
1;1
1;1
1;1
1;1
1;1
1;0
1;1
1;1
1;1
1;1
1;1
1;0
1;1
1;0
1;0
1;1
1;1
1;1
1;1
1;0
2;169
1;174
1;1
1;0
1;1
1;1
2;251
1;257
1;0
1;0
1;1
1;0
1;1
1;1
2;83
1;89
1;0
1;1
2;1478
1;1485
1;1
1;0
1;0
1;0
1;0
1;0
1;0
1;1
1;1
1;0
1;0
1;1
1;0
1;2
1;0
1;1
1;1
1;1
1;0
1;0
1;0
1;0
1;0
1;2
1;2
1;1
2;371
1;377
1;1
1;1
1;0
1;1
1;1
1;1
1;1
1;0
2;183
1;189
2;250
1;256
1;0
1;1
1;1
1;0
1;0
1;0
1;0
1;0
1;1
1;0
1;1
1;0
1;1
1;0
1;1
1;0
1;1
1;0
1;0
1;0
1;1
1;0
1;0
1;2
1;0
1;0
1;1
1;1
1;1
1;0
1;1
1;1
1;1
1;1
1;1
1;0
1;1
1;1
1;0
1;0
1;0
2;120
1;125
1;0
1;0
1;0
1;1
1;1
1;1
1;0
1;1
1;1
1;0
1;0
1;1
1;0
1;0
1;0
1;0
1;1
1;1
1;0
1;0
1;1
1;1
1;1
1;0
1;1
1;1
1;0
1;1
1;1
1;0
1;1
1;0
1;0
1;0
1;0
1;1
1;0
1;1
1;1
1;1
1;0
1;1
1;0
2;165
1;171
1;0
1;1
1;1
1;0
1;1
1;1
1;0
1;2
1;0
1;1
1;1
1;0
1;0
1;1
1;0
1;0
1;0
1;1
1;1
1;1
1;1
1;0
1;0
1;1
1;1
1;0
1;1
1;0
1;1
1;0
1;2
1;0
1;0
1;1
1;1
1;1
1;0
1;0
1;0
1;0
1;2
2;17
1;23
1;0
1;0
1;0
1;0
1;1
1;1
1;1
1;0
1;0
1;0
1;0
1;1
1;0
1;0
1;0
1;0
1;1
1;0
1;0
1;1
1;0
1;0
1;1
1;1
1;0
1;1
1;1
2;33
1;39
1;0
1;1
1;1
1;2
1;0
1;0
1;1
1;1
2;1373
1;1379
1;1
1;0
1;1
1;0
1;0
1;0
1;0
1;0
1;0
1;0
1;0
1;0
1;0
1;0
1;1
1;0
1;0
1;0
1;0
1;1
1;0
1;1
1;1
2;662
1;667
3;674
1;0
1;0
1;0
1;0
1;1
1;0
1;0
1;0
1;0
1;0
1;0
1;1
1;0
1;1
1;0
1;0
1;1
1;1
1;1
1;0
1;0
1;2
1;0
2;538
1;544
2;616
1;622
1;0
2;245
1;250
1;1
1;0
1;1
1;1
1;0
1;0
1;0
1;0
1;0
1;0
2;95
1;101
1;1
1;1
1;0
1;0
1;1
1;1
1;1
1;1
1;1
1;0
2;1912
1;1917
1;1
1;1
1;1
1;1
1;0
2;58
1;64
1;1
1;0
1;0
1;1
1;0
1;0
1;0
1;0
1;0
1;0
1;0
1;0
1;1
1;0
1;0
1;1
1;1
1;0
1;1
1;1
1;0
1;0
1;1
1;0
1;0
1;0
1;0
1;2
1;0
1;0
1;1
1;1
1;0
1;0
2;7
1;13
1;0
1;0
1;1
1;1
1;1
1;1
1;0
1;0
1;2
1;1
1;1
1;0
1;1
1;0
1;1
1;1
1;0
1;0
1;0
1;0
1;1
1;0
1;1
1;0
1;1
1;0
2;373
1;380
1;1
1;1
1;2
1;0
1;1
1;1
1;0
1;1
1;1
1;1
1;0
1;1
1;0
1;0
2;229
1;236
1;0
1;1
1;1
1;0
1;0
1;1
2;295
1;301
1;0
1;1
2;32
1;39
1;0
1;1
1;0
1;0
1;1
1;0
1;0
1;1
1;0
1;1
1;1
1;1
1;0
1;0
1;0
1;0
1;0
1;1
1;0
1;0
1;1
1;1
1;0
1;0
1;0
1;1
1;0
1;0
1;1
1;0
1;1
2;4
1;10
2;39
1;45
2;53
1;59
2;126
1;132
1;0
1;1
1;1
1;0
1;0
1;1
1;1
1;1
2;15
1;21
2;44
1;51
2;80
1;86
2;91
1;96
1;0
2;11
1;17
1;0
2;487
1;492
1;0
1;0
1;2
1;0
1;1
1;0
1;0
1;0
1;1
1;1
1;1
1;1
1;0
1;0
1;1
1;0
1;0
1;0
1;0
1;1
1;1
2;211
1;217
2;276
1;282
1;0
1;0
1;1
1;1
1;0
1;0
1;1
1;1
1;0
1;0
1;1
1;0
1;1
1;0
1;0
1;2
1;0
1;1
1;1
1;0
1;1
1;1
1;0
1;1
1;1
1;0
1;0
1;0
1;0
1;1
1;0
1;1
1;1
1;0
1;0
1;1
1;1
1;1
1;1
1;0
1;1
2;15
1;20
1;0
1;2
1;0
1;1
1;0
1;1
1;1
1;1
1;0
1;0
1;0
1;0
1;0
1;1
1;1
1;0
2;140
1;145
1;0
1;0
1;0
1;1
1;0
2;119
1;126
1;0
1;0
2;63
1;70
2;132
1;139
1;0
2;349
1;355
1;0
1;1
1;1
1;1
1;1
1;1
1;0
1;0
1;1
1;1
2;85
1;91
1;1
1;0
1;0
1;1
1;1
1;0
1;0
1;0
1;1
1;6
1;0
1;0
1;0
1;0
1;1
1;1
1;0
1;1
1;0
1;1
1;0
1;1
1;0
1;0
1;0
1;1
1;1
1;1
1;1
1;2
1;0
1;1
1;0
1;1
1;1
1;1
1;1
1;1
1;1
1;0
1;1
1;1
1;0
1;0
1;0
1;0
2;197
1;203
1;1
1;0
1;0
1;0
1;0
1;1
1;1
2;294
1;300
1;0
1;0
1;1
1;1
1;0
1;0
1;0
1;0
1;1
1;1
1;0
1;0
1;1
1;0
1;1
1;0
1;1
1;0
1;0
1;0
1;1
2;123
1;129
2;1
1;7
2;24
1;29
2;32
1;37
2;44
1;55
2;79
1;85
1;1
1;1
1;1
1;1
2;1
1;7
2;16
1;22
2;37
1;43
2;49
1;55
1;0
1;0
1;1
1;0
1;1
1;0
1;1
2;3
1;9
1;1
1;0
1;0
1;1
1;1
1;0
1;0
1;0
1;0
1;0
1;1
1;0
1;0
1;1
1;0
1;0
1;1
1;0
1;0
1;0
1;0
1;1
1;1
1;1
1;1
1;1
1;0
1;1
1;1
1;0
1;3
1;0
1;0
1;2
1;0
1;1
1;0
1;0
1;0
1;0
1;0
1;0
1;0
1;0
1;0
1;1
1;0
1;0
1;0
1;0
1;0
1;1
1;1
1;0
1;0
1;0
1;0
1;2
1;0
2;166
1;173
2;226
1;232
1;0
1;1
1;0
1;0
1;0
1;0
1;1
1;1
1;1
1;1
1;0
2;42
1;48
2;107
1;114
1;1
1;0
1;0
1;0
1;0
1;0
1;0
1;1
1;0
1;1
1;1
1;1
1;0
1;1
1;0
1;0
1;1
1;0
1;0
1;0
1;0
1;0
1;1
1;0
1;0
1;0
2;5
1;12
2;73
1;79
1;1
1;1
1;1
1;0
1;0
1;1
1;0
1;1
1;1
1;1
1;0
1;0
2;10
1;16
1;1
1;1
1;0
1;0
1;0
1;1
2;55
1;61
2;235
1;241
2;1392
1;1397
1;1
1;1
1;0
1;0
1;0
1;1
1;1
1;0
1;0
1;1
1;0
1;1
1;1
1;2
1;1
1;1
1;1
1;1
1;1
1;0
1;0
1;0
1;1
1;1
1;1
1;1
1;0
1;1
1;0
1;0
1;1
2;259
1;264
1;0
1;1
1;0
1;0
1;0
1;0
1;0
1;1
1;0
1;0
1;0
1;1
1;1
1;1
1;1
1;0
2;741
1;747
1;0
1;1
1;1
1;0
1;1
1;0
1;1
2;374
1;380
1;0
1;1
1;1
1;2
1;0
1;1
2;334
1;340
1;0
1;0
1;1
1;0
1;1
1;0
1;0
1;1
1;1
1;0
1;1
1;0
1;1
1;0
1;1
1;0
1;1
1;1
1;0
1;0
1;0
1;1
1;0
1;0
1;0
1;1
1;0
1;0
1;0
1;1
1;0
1;1
1;0
1;1
1;0
1;0
1;1
1;0
1;1
1;1
1;0
1;0
1;1
1;1
1;1
1;0
1;0
1;0
1;0
1;0
1;0
1;0
1;1
1;0
1;0
1;2
2;48
1;54
1;1
1;1
1;1
1;0
1;0
1;0
1;0
1;0
1;0
2;159
1;164
1;1
1;1
2;1
1;6
2;26
1;38
2;47
1;53
2;62
1;68
2;93
1;99
2;113
1;119
2;123
1;129
2;131
1;137
2;151
1;157
2;189
1;195
2;240
1;246
2;272
1;278
2;283
1;289
2;303
1;309
2;360
1;365
2;708
1;714
2;861
1;867
1;1
1;1
1;0
1;1
1;0
1;1
1;1
1;0
1;0
1;1
1;0
1;0
1;0
1;1
1;0
1;1
1;0
2;183
1;188
1;0
1;0
1;0
1;2
1;0
1;0
1;0
1;0
1;0
1;0
1;0
1;0
1;0
1;0
1;1
1;0
1;1
1;0
1;0
1;0
1;1
1;0
1;0
1;1
1;0
1;0
1;1
1;0
1;2
1;1
1;0
1;1
1;0
1;0
1;0
1;0
1;0
2;143
1;149
2;46
1;52
1;1
1;1
1;1
1;0
1;0
1;0
1;1
1;1
1;0
1;0
1;0
2;121
1;127
1;1
1;0
1;0
1;0
1;0
1;1
1;1
1;0
1;1
1;0
1;1
1;1
1;1
1;0
1;1
1;1
1;0
1;0
1;0
1;0
1;1
1;0
1;1
1;1
1;1
1;0
1;0
1;1
1;0
1;1
1;0
1;1
1;1
1;0
1;1
1;0
2;34
1;40
1;1
1;0
1;1
1;1
1;1
1;1
1;1
1;1
1;1
1;0
1;1
1;0
1;1
1;1
1;1
1;1
1;0
1;0
1;1
1;0
1;1
1;0
1;0
1;1
1;0
1;0
1;0
1;0
1;1
1;0
2;441
1;447
1;1
1;1
1;0
1;1
1;1
1;0
1;1
1;0
1;0
1;1
1;1
1;0
2;44
1;50
1;1
1;1
1;0
1;0
1;0
1;1
1;1
2;120
1;126
1;1
1;0
1;1
1;2
1;0
1;0
1;1
1;0
1;0
1;1
1;0
1;0
1;0
1;0
1;0
1;0
1;0
1;0
1;0
1;0
1;0
2;63
1;69
1;0
1;1
1;2
1;1
1;1
1;0
1;0
1;1
1;1
1;1
1;0
1;0
1;1
1;1
1;0
1;1
1;0
1;0
1;0
1;1
1;0
1;0
1;0
1;0
1;1
1;1
1;2
1;1
1;0
1;1
1;0
2;20
1;28
1;1
1;0
1;0
1;0
1;1
1;0
1;0
2;219
1;225
1;0
1;0
1;0
1;0
1;1
1;0
1;1
1;0
1;0
1;0
1;0
1;2
1;1
1;1
1;1
1;0
1;1
1;1
1;2
1;1
1;1
1;0
1;0
1;1
1;1
1;1
1;1
2;354
1;360
1;0
1;0
1;2
1;0
1;1
2;138
1;143
1;1
1;0
1;0
1;0
1;1
1;0
1;1
1;0
1;1
1;0
1;1
1;1
1;1
2;556
1;562
1;0
1;1
2;188
1;194
1;0
1;2
1;1
1;0
1;1
1;1
1;0
1;0
1;0
1;0
1;0
1;1
1;1
1;1
2;226
1;232
1;0
1;0
1;0
1;0
2;1631
1;1637
3;1643
1;0
2;400
1;406
1;0
1;0
1;0
1;0
1;1
2;11
1;17
1;1
1;0
1;0
2;69
1;75
1;1
1;1
2;108
1;114
2;21
1;32
2;60
1;66
2;129
1;135
2;148
1;159
2;175
1;181
2;420
1;426
2;1115
1;1121
1;1
1;1
2;861
1;866
1;0
1;1
2;505
1;511
1;0
1;1
1;1
1;0
1;0
1;1
1;0
2;41
1;47
1;0
1;0
1;0
1;1
1;1
1;2
1;1
1;1
1;0
2;188
1;194
1;0
1;1
1;0
1;1
1;0
1;0
1;1
1;0
1;0
1;1
1;0
1;1
1;0
1;1
1;0
1;1
1;0
1;2
1;1
1;0
1;0
1;1
1;0
1;2
1;0
1;1
1;0
1;0
1;1
2;142
1;147
1;1
1;1
1;1
1;0
1;0
2;1252
1;1258
2;1321
1;1327
1;1
1;0
2;13
1;19
1;0
1;0
1;2
1;1
1;0
1;1
2;5
1;11
2;43
1;49
2;81
1;87
1;0
1;0
1;0
1;1
1;0
1;1
1;0
1;1
1;0
1;0
1;1
1;0
1;0
1;1
1;0
1;0
1;0
1;0
1;0
1;0
1;0
1;0
2;656
1;662
1;1
1;0
1;1
1;0
1;0
1;0
1;0
1;0
1;0
1;0
1;1
1;0
1;1
1;0
1;0
1;1
1;0
2;118
1;123
1;1
1;1
1;0
1;1
1;1
1;0
1;1
1;1
1;0
1;0
1;0
1;0
1;1
1;0
1;0
1;1
1;1
1;1
1;2
1;1
1;0
1;1
1;1
1;1
1;1
1;0
1;1
2;24
1;30
2;71
1;77
2;89
1;95
2;113
1;119
2;165
1;171
2;177
1;183
2;223
1;229
2;237
1;243
2;350
1;356
1;0
1;1
1;1
1;1
1;1
1;1
1;1
1;1
1;0
1;0
1;1
1;1
1;0
1;0
1;1
1;0
1;1
1;0
1;1
1;0
1;0
2;166
1;171
1;1
1;0
1;0
1;1
1;0
1;1
1;0
1;0
1;0
1;0
1;0
1;1
1;0
1;0
1;1
1;0
1;1
1;0
1;1
1;0
1;1
1;0
1;0
1;2
1;1
2;117
1;123
1;0
1;1
1;0
1;0
1;1
1;0
1;0
1;1
1;1
1;1
1;0
1;0
2;245
1;251
1;0
1;1
1;0
1;0
1;0
1;0
1;0
1;1
1;0
1;1
1;1
1;0
1;0
1;0
1;1
1;0
1;0
1;1
1;0
1;1
1;1
1;1
1;0
1;1
1;1
1;0
1;0
1;1
2;145
1;151
1;0
1;1
1;0
1;0
1;2
1;1
1;0
1;1
1;0
1;1
1;0
1;0
1;0
1;0
1;0
1;1
1;1
1;0
1;1
1;1
1;0
1;1
1;0
1;0
1;1
1;1
1;0
1;1
1;0
1;0
1;2
1;1
1;0
1;1
1;1
1;1
1;1
1;0
1;1
1;0
2;351
1;356
1;0
1;1
1;0
1;0
1;0
1;0
1;1
1;0
1;2
1;1
1;0
1;1
1;0
1;0
1;0
1;0
1;2
1;1
1;0
1;0
1;0
1;0
1;0
1;1
1;0
1;0
1;0
1;0
1;0
1;0
1;0
1;0
1;1
1;1
1;0
1;0
1;0
1;0
1;1
1;1
1;1
1;0
1;0
1;1
1;0
1;0
1;1
1;0
1;0
1;1
1;1
1;1
2;89
1;94
1;1
1;1
1;1
1;0
1;0
1;1
1;1
1;0
2;853
1;859
1;1
2;240
1;246
1;0
1;1
1;0
1;1
1;0
1;1
1;0
1;1
1;1
1;0
1;1
1;0
1;0
1;0
1;0
1;1
1;0
1;0
1;1
1;1
1;0
1;0
1;1
1;0
1;0
2;136
1;142
1;0
1;0
1;0
1;0
1;0
1;1
1;0
1;1
1;1
1;0
1;1
1;2
1;0
1;0
1;0
1;0
1;1
1;0
1;1
1;0
1;0
1;0
2;363
1;369
1;1
1;0
1;1
1;1
1;1
1;0
1;0
1;1
1;0
1;1
1;1
1;0
1;0
1;1
1;0
1;0
1;0
2;430
1;436
1;0
1;1
2;308
1;314
2;317
1;322
1;0
1;0
1;0
1;0
1;0
1;0
1;0
1;0
1;2
1;1
1;0
1;0
1;0
1;1
1;1
1;1
1;0
1;0
1;1
1;0
1;0
1;1
1;0
1;1
1;0
1;5
2;51
1;57
1;1
1;0
1;0
1;1
1;0
1;0
1;0
1;1
1;0
1;1
1;0
1;0
1;0
1;0
1;1
1;1
1;0
1;0
1;1
1;0
1;1
1;0
1;0
1;0
1;0
1;1
1;0
1;0
1;0
1;0
1;0
1;0
1;0
1;0
1;1
1;1
1;0
1;1
1;0
1;1
1;0
1;0
1;0
1;1
1;1
1;0
1;0
1;0
1;1
1;1
1;0
1;0
1;0
1;1
1;1
1;2
1;0
1;1
1;0
1;0
1;1
1;0
1;1
1;0
1;1
1;0
1;0
1;1
2;48
1;54
1;0
1;0
1;1
1;0
1;1
1;0
1;0
1;1
1;1
1;1
1;0
1;0
1;1
1;1
1;0
1;0
1;0
1;1
1;1
1;1
2;72
1;78
1;0
1;0
1;0
1;1
1;1
2;130
1;135
1;0
1;0
1;1
1;1
2;79
1;85
1;0
1;1
1;0
1;0
1;0
1;0
1;1
1;1
1;0
1;1
1;0
1;0
1;0
2;355
1;360
1;0
1;1
1;0
1;0
1;1
1;0
1;0
1;1
1;0
1;0
1;0
1;1
1;0
1;1
1;0
1;1
1;1
1;0
1;0
1;1
1;0
1;0
1;0
1;1
1;0
1;1
1;1
1;1
2;198
1;203
1;0
1;1
1;1
1;0
1;0
1;1
1;2
1;0
1;1
1;0
1;1
1;0
1;1
1;1
1;1
1;0
1;0
1;0
1;0
1;0
1;0
1;0
2;9
1;16
2;31
1;37
2;45
1;51
2;71
1;77
2;309
1;315
1;0
1;1
1;1
2;62
1;67
1;0
1;0
1;0
1;1
1;1
1;0
1;0
1;1
1;0
1;0
1;0
1;0
1;0
1;0
1;0
1;0
2;469
1;475
1;1
1;1
1;1
1;0
1;1
1;0
1;0
1;0
1;0
2;99
1;105
1;0
1;1
2;950
1;956
1;1
1;0
2;158
1;164
1;1
1;0
1;0
1;1
1;0
1;0
1;1
1;0
1;0
1;0
1;0
1;1
1;0
1;1
1;1
1;1
1;0
1;1
1;1
1;2
1;0
1;0
1;1
1;1
1;0
1;0
1;0
1;1
1;1
1;0
1;1
1;0
1;0
2;91
1;97
1;0
1;1
1;1
1;1
1;1
1;0
1;1
1;0
1;0
1;0
1;1
1;0
2;452
1;459
1;1
1;0
1;1
1;0
1;0
1;0
1;0
1;0
1;1
1;1
1;0
1;0
1;0
1;1
1;0
1;1
1;0
1;1
1;1
1;2
1;0
1;1
1;0
1;0
1;1
1;0
1;0
1;1
1;1
1;0
1;1
1;1
1;1
1;1
1;0
1;0
1;0
1;0
1;1
1;1
1;0
1;0
1;0
1;1
1;0
1;1
1;0
1;1
1;1
1;0
1;1
2;100
1;106
1;0
2;605
1;612
1;1
1;1
2;12
1;18
2;79
1;90
2;105
1;111
1;118
2;151
1;157
2;707
1;713
2;900
1;906
1;2
1;0
1;1
1;1
1;0
1;1
2;248
1;254
1;0
1;0
1;1
1;0
1;0
1;0
1;0
1;0
2;285
1;291
1;0
1;0
1;1
1;0
2;33
1;39
1;0
1;0
1;0
1;0
2;10
1;16
1;0
1;1
1;1
1;1
1;0
1;0
1;0
1;0
1;1
1;0
1;0
1;0
1;0
1;1
1;0
1;1
1;0
1;0
2;31
1;36
1;1
1;1
1;1
1;0
1;0
1;1
1;0
1;1
1;1
1;0
1;0
1;0
1;0
1;1
1;0
1;2
1;0
1;0
1;1
1;1
1;1
1;1
1;0
1;0
1;0
1;1
1;0
1;1
1;0
1;1
1;0
1;0
1;0
1;0
1;0
1;0
2;7
1;13
2;38
1;44
2;51
1;57
2;70
1;76
2;88
1;94
2;101
1;107
2;136
1;143
1;1
1;1
1;1
1;0
1;0
1;0
1;1
2;316
1;322
1;1
1;0
1;0
1;0
1;1
1;0
1;1
1;0
1;0
1;0
1;0
1;0
1;1
1;1
1;0
1;0
1;0
1;1
1;1
1;1
1;0
1;1
2;0
1;5
2;24
1;29
1;36
2;52
1;58
1;65
2;177
1;183
1;0
1;1
1;0
1;0
1;0
1;1
1;1
1;0
2;11
1;17
1;1
1;1
1;0
1;0
1;1
1;0
1;1
1;0
1;0
1;0
1;0
1;1
1;0
1;0
1;0
1;1
1;0
1;0
1;1
1;0
1;0
1;0
1;1
1;0
1;0
1;1
1;0
1;0
1;1
1;0
1;0
1;0
1;0
1;1
1;0
1;0
1;0
1;1
1;0
1;1
1;0
1;1
1;1
1;1
1;0
1;0
1;0
1;0
2;1975
1;1981
1;0
1;1
1;1
1;0
1;0
1;1
1;0
1;1
1;1
1;0
1;1
1;0
1;0
1;0
1;0
1;1
2;120
1;125
1;0
1;1
1;0
1;0
1;1
1;0
1;1
1;0
1;0
1;1
1;0
1;0
1;1
1;0
1;1
1;1
1;0
1;1
1;0
2;266
1;271
1;1
1;0
1;1
1;1
1;1
1;0
1;1
1;0
1;1
1;1
1;0
1;1
1;2
1;1
1;1
1;0
1;1
1;1
2;127
1;133
1;0
1;1
1;0
1;1
1;0
1;1
1;1
1;1
1;0
1;0
1;1
1;1
1;0
1;0
1;0
1;1
1;0
1;0
1;1
1;1
1;0
1;1
1;0
1;1
1;0
1;0
1;1
1;0
1;0
1;1
1;1
2;460
1;466
1;0
2;153
1;159
1;0
1;0
1;1
1;0
1;0
1;0
1;0
1;1
1;0
1;0
2;70
1;76
1;1
1;1
1;0
1;0
1;1
1;1
1;1
1;0
1;2
1;0
1;1
1;1
1;1
2;99
1;105
2;163
1;169
1;1
1;0
2;102
1;107
1;1
1;0
1;1
1;1
1;1
1;0
2;352
1;357
1;0
1;0
1;1
1;1
1;1
1;0
1;1
1;0
1;0
1;0
1;0
1;0
1;0
1;1
1;0
2;377
1;383
2;405
1;411
1;0
1;0
1;0
1;1
1;0
1;0
1;1
1;1
1;0
1;1
1;1
1;1
1;0
1;0
1;1
1;0
1;1
1;0
1;0
1;0
1;1
1;1
2;69
1;75
1;1
1;0
1;0
1;0
1;0
1;0
1;0
1;1
1;0
1;0
1;0
1;1
1;0
1;1
1;1
1;0
1;0
1;0
1;0
1;0
1;1
1;1
1;1
1;0
1;0
1;1
1;0
1;0
1;0
1;0
1;0
1;0
1;0
1;0
1;0
1;0
1;1
1;0
1;1
1;1
1;1
1;1
1;1
1;0
2;56
1;62
1;2
1;0
1;0
1;1
1;1
1;1
1;0
1;0
1;1
1;1
1;0
1;0
1;0
1;0
1;0
2;137
1;142
1;0
1;1
1;0
1;0
1;1
1;0
2;16
1;22
1;0
1;1
1;1
1;1
1;1
1;0
1;1
1;1
1;1
1;1
1;0
1;1
1;0
1;0
1;1
1;0
1;0
1;0
1;0
1;1
1;1
1;1
1;0
1;1
1;0
1;0
1;1
1;0
1;1
1;0
1;0
1;1
1;0
1;0
1;0
1;1
2;72
1;77
1;0
1;1
1;0
1;0
1;0
1;0
2;78
1;84
1;1
1;1
1;1
1;0
1;0
1;0
1;1
1;0
1;0
1;0
1;1
1;1
1;1
1;0
1;7
2;8
1;1
1;0
1;0
1;0
1;1
1;0
1;0
1;0
1;1
1;0
1;0
1;0
1;0
1;1
1;1
1;1
1;1
1;1
2;105
1;110
1;0
1;0
1;0
1;0
1;0
1;0
1;0
2;634
1;639
1;0
1;2
1;1
1;0
1;1
2;266
1;272
2;4
1;10
2;39
1;45
2;50
1;56
2;103
1;109
1;1
1;1
1;1
1;1
1;1
1;0
1;0
1;0
1;0
1;1
2;597
1;603
1;0
1;0
1;0
1;0
1;1
1;0
1;0
1;0
1;0
1;1
2;249
1;255
1;1
1;0
1;0
2;192
1;198
1;0
1;2
1;0
1;1
1;0
1;1
1;0
1;1
1;0
1;0
1;1
1;0
1;0
1;0
1;0
1;0
1;0
1;0
1;0
1;0
1;1
1;1
1;2
1;0
2;235
1;240
1;0
1;0
1;0
1;1
1;1
1;0
1;0
1;0
1;1
1;0
1;0
1;1
1;1
1;0
2;357
1;363
1;1
1;0
1;0
1;0
1;0
1;0
1;0
1;0
1;0
1;1
1;1
1;1
2;70
1;76
1;0
1;1
1;1
1;0
1;0
1;1
1;1
1;1
1;1
1;0
1;1
1;0
1;1
1;1
1;1
1;1
1;0
1;0
1;0
1;0
1;1
1;1
1;0
1;0
1;0
1;1
1;1
1;0
1;1
1;0
1;1
1;0
1;0
1;0
1;1
1;0
1;0
1;0
1;1
1;0
1;1
1;0
1;0
1;1
2;177
1;182
1;0
2;86
1;92
1;1
1;2
1;0
1;0
1;0
1;0
1;1
1;0
2;160
1;166
1;0
1;0
1;1
1;0
1;0
1;0
1;0
1;1
1;0
1;1
1;0
1;0
1;0
1;0
1;1
1;0
1;1
1;1
1;1
1;0
2;659
1;665
1;0
1;0
1;0
1;1
1;1
1;0
1;1
1;2
1;0
1;0
1;1
1;1
1;1
1;1
1;1
1;0
1;1
1;0
1;0
1;0
1;1
1;1
1;0
1;1
1;1
1;1
1;0
1;0
2;30
1;35
1;1
1;0
1;0
1;0
1;1
2;984
1;990
1;1
1;0
1;0
1;0
1;0
1;0
1;1
1;0
2;51
1;57
1;0
1;0
1;0
1;1
1;1
1;0
1;1
1;1
1;0
1;1
1;0
1;1
1;0
1;0
2;123
1;130
1;0
1;0
1;0
1;1
2;77
1;84
1;1
1;0
1;1
1;0
1;0
1;0
1;0
1;1
1;0
1;0
1;1
1;1
1;1
1;0
2;574
1;580
1;0
1;0
1;1
1;1
1;0
1;0
1;0
1;0
1;0
1;0
1;1
1;1
1;1
2;1661
1;1667
1;0
1;1
1;0
1;0
1;0
1;0
1;0
1;1
1;0
2;59
1;65
1;0
1;0
1;0
1;1
1;0
1;0
1;0
1;0
1;0
1;1
1;1
1;2
1;1
2;79
1;85
1;1
1;1
1;0
1;0
1;0
1;0
1;0
1;0
1;1
1;1
1;1
2;19
1;24
1;1
1;0
1;1
1;1
1;1
1;1
1;0
1;1
1;0
1;0
2;75
1;82
2;142
1;148
1;154
1;0
1;0
1;0
1;1
1;0
1;1
1;1
1;0
2;142
1;147
1;0
1;1
1;1
1;0
1;1
1;1
1;0
2;278
1;283
1;0
1;0
1;0
1;0
1;1
1;0
1;1
1;1
1;0
1;0
1;1
1;0
1;0
1;1
1;1
1;0
1;0
1;0
2;25
1;30
1;2
1;0
1;3
2;52
1;57
1;1
1;0
1;1
1;1
1;0
1;0
1;0
1;0
1;0
1;1
1;1
2;198
1;203
1;1
1;1
1;0
1;1
1;0
1;1
1;1
1;0
1;1
1;1
1;0
1;0
1;1
1;0
1;0
1;0
1;1
1;0
1;1
1;2
1;0
1;0
1;1
1;2
1;0
1;0
1;1
1;0
1;0
1;0
1;1
1;0
1;0
1;0
1;1
1;0
1;1
2;26
1;32
1;0
1;0
1;1
1;0
1;0
1;1
1;0
1;0
1;0
1;0
1;0
1;1
1;0
1;1
1;1
1;4
2;52
1;58
1;0
1;1
1;0
1;0
1;0
1;0
1;0
1;0
1;0
1;0
1;0
1;1
1;0
1;1
1;0
1;1
1;0
1;0
1;0
1;1
1;1
1;0
1;1
1;1
1;1
1;0
1;0
1;0
1;1
1;0
1;0
1;0
1;1
1;1
2;156
1;161
1;0
1;0
1;0
1;1
1;1
2;21
1;27
1;0
1;0
1;0
1;0
1;0
1;0
1;0
1;0
1;1
1;0
1;0
1;1
1;0
1;0
1;1
1;0
1;0
2;480
1;486
1;1
1;1
1;0
2;74
1;80
1;0
1;1
1;0
1;1
1;1
1;0
1;0
1;0
1;0
1;1
1;1
1;0
1;0
1;1
1;0
1;0
1;0
1;0
1;0
1;0
2;3
1;9
1;0
1;0
1;0
1;1
1;0
1;0
1;0
1;1
1;0
1;0
1;0
1;0
1;1
1;0
1;0
1;1
1;1
1;0
1;1
1;0
1;0
1;1
1;1
1;0
1;0
1;0
1;0
1;0
1;0
1;1
1;0
1;1
1;0
1;2
1;1
1;0
1;0
1;0
1;0
1;0
1;0
1;1
1;1
1;1
1;0
2;5
1;12
2;67
1;73
1;1
1;0
2;113
1;118
1;1
1;1
1;0
1;0
1;0
1;0
1;0
1;0
1;0
1;1
1;0
1;1
1;0
1;0
1;0
1;0
1;0
1;0
1;1
1;1
1;1
1;1
1;0
1;1
1;0
1;1
1;1
1;0
1;0
1;1
1;0
1;1
2;24
1;29
1;1
1;0
1;0
1;1
1;0
1;1
1;1
1;0
1;1
1;1
1;1
1;1
1;1
1;0
1;0
1;1
1;0
1;0
1;0
2;74
1;80
1;0
1;0
1;2
1;0
1;1
1;1
1;1
1;0
2;852
1;858
1;2
1;0
1;1
1;0
1;1
1;1
1;1
1;0
1;1
1;0
1;2
1;1
1;0
1;0
1;0
1;0
1;0
1;0
1;0
1;0
1;0
1;1
1;0
1;0
1;0
1;0
1;0
1;0
1;0
1;0
1;1
2;28
1;34
1;2
1;0
1;0
1;0
2;86
1;92
1;1
2;306
1;313
1;1
1;1
1;0
1;3
1;0
1;0
1;0
1;0
1;1
1;0
1;0
1;1
1;0
1;0
1;1
1;0
1;1
1;0
1;1
1;0
1;1
1;0
1;0
1;0
1;0
1;0
1;0
1;0
1;1
1;0
1;1
1;0
1;1
1;2
1;0
1;2
1;0
2;651
1;657
2;714
1;720
1;1
1;1
1;1
1;1
1;1
1;0
1;0
1;0
1;0
1;0
1;0
1;0
1;1
1;0
1;0
1;0
1;1
1;1
1;0
1;0
1;1
1;1
1;0
1;0
1;0
1;1
1;0
1;1
1;0
1;0
1;1
1;1
1;0
1;1
1;1
1;0
1;1
1;0
2;525
1;531
1;0
1;0
1;0
1;2
1;0
1;0
1;1
1;0
1;0
1;0
1;0
1;0
2;86
1;92
1;1
1;0
1;1
1;0
1;0
1;0
1;1
1;0
1;1
1;1
1;0
1;1
1;1
1;1
1;0
1;1
1;0
1;0
1;1
1;0
1;0
1;1
1;0
1;0
1;1
1;1
1;1
1;1
2;66
1;71
1;0
1;0
1;0
1;1
1;1
2;253
1;259
1;0
1;0
1;0
1;0
1;2
1;1
1;1
2;540
1;547
1;0
1;1
1;1
1;0
1;0
1;0
1;1
1;1
2;93
1;100
2;162
1;168
2;188
1;195
1;0
1;0
1;0
1;0
1;0
1;0
1;0
1;1
1;0
1;1
1;0
1;0
1;1
2;687
1;693
1;1
1;0
1;1
1;0
1;0
1;0
1;1
1;1
1;1
1;0
1;1
1;0
1;1
1;1
1;1
1;1
1;0
1;1
1;0
1;1
1;0
1;0
1;0
1;0
1;1
1;1
1;1
1;0
1;0
1;0
2;46
1;53
1;0
1;0
1;0
1;0
1;0
1;0
1;2
1;0
1;0
1;1
1;0
1;0
1;1
1;0
1;0
1;0
1;1
1;0
1;0
1;0
1;0
1;1
1;0
1;0
2;466
1;472
1;1
1;0
1;0
1;2
1;0
1;0
1;0
1;0
1;0
1;0
1;0
1;1
1;0
1;1
1;1
1;0
1;0
1;0
1;0
1;0
1;0
1;1
1;1
1;0
1;1
2;538
1;544
1;0
1;0
1;1
1;0
1;0
1;0
1;0
1;0
1;1
1;1
1;1
1;1
1;1
1;0
1;1
1;2
1;1
1;0
1;0
1;1
1;0
1;0
1;0
1;0
1;1
1;1
2;302
1;308
1;0
1;0
1;0
1;0
1;1
1;0
1;0
1;0
1;1
1;0
1;1
1;0
1;0
1;1
1;1
1;1
1;1
1;1
1;3
1;9
2;10
1;1
1;0
1;1
2;1347
1;1353
1;1
1;0
1;1
1;0
1;0
1;0
1;1
2;107
1;112
1;0
1;0
1;0
1;2
1;1
1;1
1;0
2;219
1;226
1;0
1;0
2;3
1;8
1;0
1;0
1;1
1;0
1;1
1;1
1;1
1;1
1;0
1;1
1;0
1;1
1;0
2;91
1;97
1;1
1;0
1;0
1;0
1;0
1;0
2;146
1;152
1;0
1;1
1;0
1;0
1;0
1;1
1;0
1;0
1;1
1;1
1;1
1;1
1;1
1;0
1;0
1;0
1;1
1;0
1;1
1;1
1;0
1;1
1;0
1;0
1;0
1;0
1;0
1;0
1;1
1;1
2;89
1;95
1;0
1;0
1;0
1;0
1;0
1;0
2;84
1;89
1;1
1;0
1;0
1;0
1;0
1;0
2;56
1;62
1;1
1;0
1;0
1;0
1;0
1;0
1;0
1;1
1;0
1;1
1;0
1;1
1;0
1;0
1;0
1;1
1;0
1;1
2;14
1;19
1;1
1;0
1;0
1;0
1;0
1;0
1;0
1;0
1;0
1;0
1;1
1;0
1;1
1;1
1;0
1;0
1;0
1;0
1;0
1;0
1;0
1;1
1;0
1;0
1;0
1;0
1;0
1;1
1;0
1;0
1;1
1;0
1;1
1;1
1;1
1;1
1;1
1;0
2;152
1;157
1;0
1;0
2;46
1;52
1;1
1;1
1;0
1;1
1;1
1;0
1;1
1;1
1;0
2;110
1;116
1;1
1;1
1;0
1;1
1;0
1;0
1;1
1;1
1;1
1;0
1;0
1;1
1;0
1;0
1;1
1;0
1;0
1;0
1;0
1;0
1;0
1;0
1;0
1;0
2;62
1;68
1;1
1;0
1;0
1;0
1;0
1;1
1;1
1;0
1;1
1;0
1;1
1;0
1;0
2;836
1;842
1;1
2;302
1;309
1;0
1;0
1;1
1;0
1;0
1;0
1;0
1;0
1;0
2;30
1;35
1;0
1;0
1;0
1;0
1;0
1;0
1;0
1;0
1;1
1;0
1;0
1;0
1;0
1;0
1;1
1;0
1;1
1;0
1;0
1;0
1;1
2;394
1;400
1;1
1;1
1;1
1;2
1;1
1;1
1;0
1;1
1;0
1;0
1;0
1;0
1;1
1;1
1;0
1;0
1;1
1;0
1;0
1;0
1;1
1;0
1;0
1;1
1;1
2;103
1;109
2;167
1;173
1;0
1;1
1;1
1;0
1;1
1;0
1;0
1;0
1;1
1;1
1;1
1;0
2;236
1;241
1;0
1;0
1;0
1;0
1;1
1;0
2;289
1;295
1;0
1;0
1;0
1;1
1;0
1;0
1;0
1;1
1;0
1;0
1;1
2;7
1;13
2;44
1;49
2;95
1;101
2;577
1;584
1;0
1;1
1;0
1;1
1;0
1;0
1;0
1;0
1;0
1;0
1;0
1;1
1;0
1;1
2;1
1;7
2;64
1;70
1;0
1;1
1;2
1;1
1;0
1;0
1;1
1;0
1;0
1;0
1;0
1;0
1;0
1;0
1;0
1;0
1;1
1;0
1;1
1;1
1;0
1;0
1;0
1;0
1;0
1;1
1;1
1;1
2;21
1;27
1;0
1;1
1;0
1;0
1;0
1;0
1;0
1;0
1;0
1;0
1;0
1;0
1;0
1;1
1;0
1;0
1;0
1;1
1;0
1;1
1;0
1;0
1;0
1;0
1;0
1;0
1;0
1;1
1;1
1;1
2;168
1;174
1;1
1;0
1;0
1;0
1;0
1;0
1;0
1;0
1;0
1;1
1;0
1;1
1;0
1;1
1;1
1;0
2;188
1;193
1;0
2;88
1;93
1;0
1;0
1;0
2;142
1;147
1;1
2;130
1;136
1;0
2;15
1;21
1;0
1;0
1;1
1;0
1;1
1;0
1;0
1;1
1;1
2;58
1;64
1;1
1;1
1;0
1;1
1;0
1;0
1;0
1;0
2;316
1;321
1;0
1;0
1;1
2;105
1;111
1;1
1;0
1;0
1;0
1;0
1;1
1;0
2;79
1;85
1;1
1;1
1;0
1;0
1;0
2;18
1;25
1;1
1;1
1;0
1;1
1;1
1;1
1;0
1;1
2;68
1;75
2;130
1;136
1;0
1;0
2;12
1;17
1;0
1;0
1;1
1;0
1;1
2;58
1;65
1;0
2;290
1;295
1;0
1;1
1;0
1;0
1;0
1;1
1;0
1;1
1;0
1;1
1;0
1;0
1;0
1;0
1;0
1;1
1;0
1;1
1;1
1;0
1;0
1;1
1;0
1;0
1;0
1;1
1;1
1;0
1;0
1;1
1;0
1;0
1;1
1;0
1;1
1;1
1;1
1;0
1;1
1;1
1;1
1;0
1;0
1;5
2;23
1;30
2;35
1;41
2;56
1;63
1;1
1;0
1;1
1;0
1;0
1;1
1;0
1;0
1;1
1;1
1;0
1;0
1;0
1;0
1;0
1;0
1;0
1;0
1;0
1;0
1;0
1;0
1;1
1;0
1;0
1;0
1;2
2;267
1;273
1;1
1;1
2;382
1;389
1;0
1;1
1;0
1;0
1;0
2;19
1;25
1;0
1;1
1;0
1;0
1;0
1;0
1;1
2;494
1;500
1;1
1;0
1;1
1;1
1;0
1;0
1;0
1;1
1;1
1;1
1;2
1;0
1;1
1;0
1;1
1;1
1;1
1;0
1;0
1;2
1;0
1;0
1;0
2;328
1;334
1;1
1;0
1;0
1;0
1;0
1;1
1;1
1;1
1;1
1;0
1;1
1;0
1;0
1;0
1;1
1;0
1;1
2;422
1;429
1;0
1;1
1;0
1;0
1;0
1;0
1;1
1;0
1;0
1;0
1;1
1;1
1;1
1;0
1;0
1;0
1;0
1;1
1;0
1;1
1;1
1;0
1;0
1;0
1;0
1;0
1;0
1;0
1;1
1;0
1;0
1;0
1;0
1;0
1;0
1;0
1;1
1;1
1;1
1;1
1;1
1;1
1;1
1;0
1;0
1;1
1;0
1;1
1;0
1;0
1;1
1;0
1;1
1;0
1;1
1;1
1;0
1;2
1;0
1;1
1;0
1;0
1;0
1;0
1;1
1;0
1;0
1;1
1;0
1;1
1;1
1;1
1;0
2;237
1;244
1;1
1;0
1;0
1;0
1;1
2;475
1;482
1;0
1;1
1;1
1;1
1;2
1;1
1;1
1;1
1;0
1;0
1;1
2;23
1;29
1;0
1;1
1;0
1;0
1;0
1;0
1;2
1;0
1;1
1;0
2;997
1;1011
1;1
1;0
1;0
1;0
1;0
1;0
1;0
1;0
1;1
1;0
1;0
1;0
1;0
1;1
1;0
1;0
1;0
1;1
1;1
2;526
1;531
1;1
1;0
1;0
1;1
1;1
1;1
1;1
1;0
1;0
1;0
1;0
1;0
1;0
1;1
1;2
1;0
1;1
1;0
1;0
1;1
1;0
1;1
1;0
1;0
1;0
1;0
1;0
1;1
1;0
1;0
1;0
1;0
1;0
1;1
1;0
1;0
1;1
1;0
1;0
1;0
1;0
1;1
1;1
1;1
1;2
1;1
1;0
1;1
1;0
1;0
1;0
1;0
1;1
1;0
1;1
1;0
1;0
1;1
1;0
1;0
2;18
1;24
1;0
1;0
2;1216
1;1221
2;1225
1;1231
1;0
1;1
1;1
1;1
1;0
1;1
1;0
1;0
1;0
1;0
1;0
1;0
1;0
1;0
1;0
1;0
1;1
1;1
1;1
1;0
1;0
1;0
1;0
1;0
1;0
1;0
1;0
1;1
2;539
1;545
1;0
1;0
1;0
1;0
1;0
1;1
1;0
1;1
1;0
1;0
2;71
1;77
1;0
2;217
1;223
2;281
1;288
1;1
1;1
1;0
2;232
1;237
1;0
1;0
1;0
2;10
1;15
1;1
2;17
1;24
2;58
1;64
2;66
1;72
2;74
1;80
2;86
1;92
2;98
1;104
2;123
1;129
1;0
1;0
1;0
1;0
2;277
1;283
1;0
1;1
1;0
2;1147
1;1153
1;1
1;1
1;0
1;1
1;1
1;0
1;1
1;1
1;0
2;253
1;259
1;0
1;1
1;0
1;0
1;1
1;1
1;1
1;0
1;1
1;1
1;0
1;0
1;0
2;23
1;29
2;77
1;83
2;90
1;95
2;99
1;104
2;152
1;158
2;241
1;248
1;0
1;0
1;0
1;0
1;0
1;0
1;0
1;0
1;1
1;0
1;0
1;0
1;0
1;0
1;0
1;1
1;1
1;1
1;0
1;0
1;1
1;1
1;1
1;0
2;173
1;178
1;1
1;1
1;1
1;0
1;0
1;1
1;1
1;0
1;0
1;0
1;0
1;1
1;1
1;0
1;0
1;1
1;0
1;1
1;0
2;227
1;233
1;0
1;0
1;1
1;0
2;1919
1;1924
2;1927
1;1935
1;0
1;1
1;0
1;0
1;1
1;1
1;1
1;1
1;1
1;1
1;0
1;1
1;0
1;0
2;129
1;135
1;0
1;0
1;0
1;1
1;0
2;58
1;63
1;0
1;0
1;1
1;0
1;0
1;1
1;0
1;0
1;1
2;4
1;10
2;51
1;57
2;274
1;280
1;1
1;1
1;0
1;0
1;1
1;1
1;0
1;0
1;0
1;0
1;1
1;0
1;0
1;1
1;1
1;0
1;0
1;0
1;0
1;0
2;51
1;57
2;118
1;124
1;1
1;1
1;0
1;0
1;0
1;0
1;0
1;0
1;0
1;0
1;0
1;0
1;0
1;1
1;0
1;0
1;1
2;85
1;91
1;0
1;0
1;0
1;1
1;1
1;0
1;0
1;1
1;1
1;0
1;0
1;0
1;1
1;0
1;0
1;0
1;1
1;1
2;109
1;115
1;1
1;0
1;0
1;1
1;0
2;316
1;322
1;0
1;1
1;0
1;0
1;0
1;1
1;1
1;0
1;0
1;1
1;0
1;1
1;1
1;3
1;1
1;1
1;1
1;0
1;0
1;0
1;0
1;1
1;1
1;0
1;1
1;0
1;1
1;1
1;0
1;1
1;1
1;0
1;0
1;1
1;0
1;0
1;0
1;0
1;0
1;0
2;5
1;12
2;73
1;80
1;1
1;2
1;0
2;58
1;64
2;140
1;146
1;1
1;0
1;0
1;1
1;1
1;1
1;1
1;0
1;1
1;1
2;54
1;61
1;1
1;1
1;1
1;0
1;0
1;0
1;1
1;0
1;0
1;1
1;0
1;0
1;0
1;0
1;1
1;1
1;0
1;1
1;0
1;0
1;0
1;0
1;0
1;0
1;0
1;0
1;1
1;0
1;0
1;0
1;0
1;0
1;1
1;0
1;1
2;1654
1;1660
1;0
1;1
1;0
2;251
1;256
1;0
2;280
1;286
1;0
2;98
1;104
2;156
1;162
1;0
1;1
1;1
1;1
1;0
1;0
1;1
1;0
2;151
1;157
1;1
1;0
1;0
1;0
1;1
1;0
1;0
1;0
1;0
1;0
1;1
1;0
2;66
1;72
1;1
1;0
1;1
1;1
1;1
1;1
1;0
1;0
1;1
1;0
1;0
1;0
1;0
2;391
1;397
1;0
1;0
1;0
1;0
1;0
1;1
1;1
1;0
2;1138
1;1145
2;1147
1;1152
1;0
1;0
2;431
1;437
1;1
1;0
2;221
1;227
1;0
1;1
1;0
1;1
1;1
1;1
1;0
1;0
2;297
1;303
1;0
1;0
1;0
1;1
1;1
1;1
1;0
1;0
1;1
1;1
1;2
1;0
1;0
1;1
1;1
1;0
1;1
1;0
1;1
1;0
2;547
1;553
1;0
1;1
1;0
1;1
1;0
1;1
1;0
1;0
1;0
1;0
1;0
1;0
1;0
1;0
1;1
1;0
1;0
1;0
1;0
1;1
1;1
1;0
2;426
1;432
1;1
1;0
1;0
1;0
1;0
1;0
1;0
1;0
1;1
1;0
1;0
1;0
1;0
1;0
1;1
1;1
1;0
1;1
1;0
1;0
1;0
1;1
1;1
1;1
1;1
1;1
1;0
1;1
2;552
1;558
1;0
1;0
1;0
1;1
1;1
1;0
1;0
1;1
1;0
1;0
1;0
1;0
1;1
2;365
1;371
1;0
1;0
1;2
1;1
1;0
1;0
1;1
1;0
2;264
1;269
1;0
1;1
1;0
2;265
1;271
1;0
1;1
1;0
1;1
1;0
1;0
1;0
1;0
1;0
2;617
1;623
1;0
1;1
1;1
1;1
1;0
2;5
1;11
1;0
1;0
2;367
1;372
2;375
1;386
1;0
1;0
1;0
1;1
1;0
1;0
1;0
1;0
1;0
1;0
1;1
1;0
1;0
2;44
1;49
1;0
1;0
1;1
1;0
1;0
1;0
1;0
1;0
1;0
1;0
1;0
1;0
1;0
1;1
1;0
1;0
1;0
1;0
1;0
1;0
1;1
1;1
1;0
1;0
1;1
2;53
1;59
2;119
1;125
1;1
1;1
1;0
1;0
1;1
1;0
1;0
1;1
1;0
1;1
1;0
1;1
1;1
1;0
1;1
1;0
1;0
1;1
1;1
1;0
1;0
1;0
1;0
1;1
1;0
1;1
1;0
1;1
1;0
1;0
1;0
1;1
1;1
1;0
1;4
2;31
1;37
2;52
1;58
2;133
1;139
1;1
1;0
1;0
1;0
1;1
1;1
1;0
2;336
1;343
1;0
1;0
1;1
1;0
2;7
1;13
3;19
2;76
1;82
2;84
1;90
2;176
1;182
2;204
1;217
2;225
1;230
2;237
1;242
2;250
1;257
2;259
1;265
1;271
2;281
1;288
2;298
1;310
2;318
1;324
2;336
1;342
2;1464
1;1471
1;2
1;0
1;1
1;0
1;0
1;0
1;0
1;0
1;0
1;0
1;0
1;0
1;0
1;0
1;1
1;1
1;1
1;0
1;0
1;0
1;1
1;0
1;0
1;0
1;0
1;1
1;0
1;1
1;0
1;1
1;0
1;0
1;0
1;0
1;0
1;1
1;1
1;0
1;0
1;1
1;0
1;0
2;58
1;64
1;0
1;0
1;0
2;157
1;162
1;0
1;0
2;303
1;309
1;0
2;180
1;185
1;0
1;0
1;1
2;98
1;104
2;162
1;168
1;1
1;1
1;0
1;0
1;0
1;1
1;0
1;1
1;0
1;1
1;0
1;1
1;0
2;529
1;535
1;0
1;0
1;1
1;1
1;0
1;1
1;0
1;1
1;2
1;1
1;0
1;0
1;0
1;0
1;1
1;0
1;0
1;1
1;0
1;0
1;1
1;1
1;0
1;0
1;0
1;0
1;0
1;0
1;0
1;0
1;0
1;0
1;0
1;0
1;0
1;0
2;30
1;36
1;1
1;0
1;0
1;1
1;0
1;1
1;0
1;0
1;1
1;0
1;0
1;0
2;823
1;832
1;0
1;0
1;0
1;1
1;0
1;0
1;0
1;0
1;0
1;1
1;0
1;0
1;0
1;0
1;1
1;0
1;0
1;0
1;0
1;0
2;63
1;70
1;0
1;1
1;1
1;0
1;0
1;0
1;0
1;0
1;0
1;1
2;877
1;883
1;0
1;0
1;0
1;0
1;0
1;1
1;1
1;0
1;0
1;0
2;1781
1;1787
1;0
1;0
1;1
1;0
1;0
1;1
1;1
1;1
1;1
1;0
1;0
1;0
1;0
1;0
1;1
1;0
1;0
1;2
1;2
1;1
1;1
1;0
1;0
1;0
1;0
1;0
1;0
1;0
1;1
1;1
1;1
1;0
1;2
1;0
1;0
1;1
1;1
1;0
1;0
1;0
1;0
1;0
1;1
1;1
1;1
1;0
2;1140
1;1146
1;1
1;0
1;0
1;0
1;0
1;1
1;1
1;1
1;0
1;2
1;1
1;1
1;1
1;0
1;7
2;27
1;33
2;51
1;58
2;23
1;29
2;102
1;108
2;122
1;128
2;157
1;163
2;190
1;196
2;266
1;272
2;301
1;313
2;501
1;507
2;936
1;942
1;1
1;0
1;1
1;0
1;0
1;0
1;0
1;0
1;0
1;0
1;0
1;0
1;0
1;0
1;1
1;1
1;1
1;0
1;0
1;0
1;1
1;1
1;0
1;1
1;0
1;0
1;1
1;1
2;26
1;31
1;0
1;1
1;0
1;1
1;8
1;0
1;1
1;1
1;0
1;1
1;0
1;0
1;1
1;0
1;0
1;2
1;1
1;1
1;1
1;0
1;1
1;0
1;0
1;0
1;1
1;0
1;1
1;0
1;1
1;1
1;0
1;0
2;23
1;28
1;0
1;1
1;1
1;0
1;1
1;1
1;0
1;0
1;0
1;1
1;0
1;0
1;0
1;0
1;1
1;0
1;0
2;777
1;783
1;0
2;209
1;215
1;1
1;1
2;378
1;384
2;447
1;453
1;0
1;0
1;0
1;0
1;2
1;0
1;1
1;0
1;0
1;3
2;19
1;25
2;52
1;59
1;1
1;0
1;0
1;0
1;1
2;105
1;111
1;0
1;0
1;1
1;0
1;0
1;0
1;0
1;1
1;1
1;1
1;0
1;0
1;1
1;0
1;1
2;13
1;18
1;0
1;0
1;0
1;0
2;54
1;60
1;0
1;1
1;0
1;0
1;0
1;0
1;0
1;0
1;1
1;0
1;0
1;1
1;1
1;0
1;0
1;0
1;0
1;0
1;1
1;0
1;1
1;1
1;0
1;1
1;1
1;0
1;1
1;0
1;0
1;0
1;0
1;0
1;1
1;0
1;0
1;1
1;0
1;0
1;1
1;1
1;0
1;0
1;0
1;0
1;1
1;0
1;0
1;1
1;1
1;0
1;0
1;0
1;0
1;0
1;1
1;0
1;1
1;1
1;0
1;0
1;0
1;1
1;1
1;1
1;1
1;0
1;0
1;1
1;1
1;0
2;117
1;123
2;185
1;191
1;0
1;0
1;1
1;1
1;0
1;0
1;0
1;0
1;1
1;1
1;1
1;1
1;0
1;0
1;0
1;0
1;0
1;0
1;0
1;0
1;0
1;0
1;0
1;1
1;1
1;1
1;0
1;0
1;0
1;0
1;0
1;2
1;1
1;0
1;1
1;1
1;0
2;101
1;106
1;0
2;327
1;333
1;0
1;0
1;0
1;0
1;1
1;1
1;1
1;1
1;0
1;0
1;1
1;0
2;50
1;55
1;0
1;1
1;0
1;1
1;1
1;0
1;1
1;1
1;1
1;0
1;1
2;64
1;70
1;0
1;0
1;0
1;0
1;1
1;0
1;1
1;0
1;0
1;0
1;1
1;0
2;210
1;215
1;0
1;1
1;1
1;1
1;1
1;1
1;0
1;1
1;1
1;1
1;0
1;0
1;0
1;0
1;0
1;0
1;1
1;0
1;0
1;1
1;0
1;1
1;0
1;1
1;0
1;1
1;0
1;0
1;0
1;1
1;0
1;1
1;1
1;1
2;1286
1;1292
1;0
1;0
1;1
2;624
1;630
1;2
1;0
1;1
1;1
1;2
1;0
2;32
1;38
1;0
1;0
1;1
2;60
1;66
2;125
1;131
1;0
1;1
1;0
1;0
1;0
1;1
1;1
1;0
1;0
2;7
1;14
2;43
1;49
2;52
1;58
1;1
1;0
1;0
1;0
1;0
1;0
1;0
1;0
1;0
1;0
1;0
1;0
1;0
1;0
1;0
1;0
1;1
1;0
1;0
1;0
1;0
1;0
1;0
1;1
1;0
1;1
1;0
1;0
1;0
1;2
1;0
1;1
1;1
1;0
1;1
1;0
1;0
1;0
1;0
1;1
1;1
1;1
2;86
1;92
1;0
1;1
1;1
1;1
1;1
1;1
1;1
1;1
2;278
1;284
1;0
1;0
1;0
1;1
1;0
1;2
1;0
1;0
1;0
1;0
1;0
1;0
1;0
1;0
1;0
1;1
1;1
1;0
1;0
1;1
1;0
1;1
1;0
1;0
1;0
1;0
2;254
1;259
1;0
1;1
1;1
1;0
2;33
1;39
1;1
1;1
1;0
1;0
2;60
1;66
1;0
1;1
1;0
1;0
1;0
1;1
1;1
1;0
1;1
1;0
1;2
1;1
1;0
1;1
1;0
1;2
1;0
1;0
1;0
2;458
1;464
2;554
1;561
2;565
1;570
1;0
1;0
1;0
1;1
1;0
1;0
1;1
1;0
1;0
1;0
1;0
1;1
1;0
1;0
1;0
1;0
1;0
1;1
1;1
1;0
1;1
1;0
1;0
1;0
1;1
1;1
1;0
1;0
1;0
1;0
1;1
1;0
1;1
1;1
1;1
1;0
1;0
1;0
1;0
1;0
1;2
1;1
1;0
1;1
1;0
1;1
1;1
1;1
2;220
1;227
1;0
1;1
1;0
1;1
2;487
1;494
1;1
1;0
1;1
1;0
1;0
1;0
1;0
1;1
1;2
1;0
1;1
1;0
1;0
1;1
1;0
2;450
1;455
1;0
1;0
1;1
1;1
1;3
1;0
1;1
1;1
1;1
1;2
2;468
1;474
1;0
1;0
1;0
1;1
1;0
1;1
1;0
1;0
1;0
1;0
1;0
1;0
1;0
1;0
1;1
1;0
1;0
1;1
1;1
1;0
1;0
1;0
1;0
1;0
1;1
1;0
1;0
1;0
1;1
1;1
2;1734
1;1740
1;0
1;0
2;958
1;964
1;0
1;0
1;1
1;1
2;18
1;23
1;1
2;90
1;96
1;0
1;0
1;0
1;0
1;1
1;0
1;0
1;0
1;0
1;0
1;1
1;0
1;0
1;0
1;1
1;1
1;0
1;1
2;62
1;68
1;6
1;0
1;0
1;0
1;0
1;1
1;0
1;1
1;0
1;0
2;46
1;52
1;0
2;62
1;68
1;0
1;0
1;0
1;0
1;0
1;1
1;0
1;0
2;248
1;254
1;0
1;0
1;0
1;1
1;1
1;1
1;0
1;1
1;0
1;0
1;0
1;0
1;0
1;0
1;0
1;0
1;1
1;0
3;5
1;0
2;733
1;738
1;0
1;0
1;0
1;0
1;0
1;1
1;0
2;77
1;83
1;0
1;0
1;0
1;0
1;0
1;1
1;1
2;1844
1;1850
1;0
1;0
1;0
1;0
1;0
1;0
1;0
2;566
1;572
1;0
1;0
1;0
2;435
1;441
1;1
1;0
1;0
1;2
1;1
1;1
1;0
1;1
1;0
1;0
1;0
1;1
1;0
1;0
1;0
1;1
1;1
1;0
1;1
2;51
1;57
1;0
1;0
1;0
1;0
1;1
2;16
1;22
1;1
1;0
1;0
1;1
1;1
1;0
2;425
1;431
1;1
1;1
1;2
1;1
1;0
1;0
1;0
1;0
1;0
1;0
1;0
1;1
1;1
1;0
1;1
1;1
1;0
1;0
1;1
1;0
1;0
1;1
1;1
1;1
1;0
1;1
1;1
1;0
1;0
1;0
1;0
1;0
1;1
1;0
1;0
1;0
2;687
1;693
1;1
2;153
1;158
1;1
1;0
1;1
2;306
1;312
1;0
1;0
1;0
1;1
1;0
1;0
2;284
1;289
1;1
1;1
1;0
1;0
1;1
1;2
1;0
1;0
1;0
1;0
1;1
1;0
1;0
1;0
1;0
1;0
1;0
1;0
1;0
1;0
2;537
1;543
1;0
1;0
1;1
1;0
1;1
1;0
1;0
1;1
1;0
1;1
1;0
1;0
1;0
1;1
1;0
1;0
1;0
1;2
1;0
1;1
1;0
1;0
1;2
1;0
1;1
1;0
1;1
2;9
1;16
2;40
1;45
2;47
1;53
2;76
1;82
2;148
1;154
1;1
1;0
1;0
1;1
1;0
1;0
1;1
1;1
1;0
1;0
1;2
2;127
1;134
1;0
1;0
1;0
1;0
1;0
1;0
1;0
1;1
2;116
1;122
1;0
1;0
1;1
1;0
1;0
1;0
1;0
1;0
1;1
1;0
1;0
2;101
1;107
2;170
1;177
1;1
1;0
2;318
1;324
1;0
1;0
2;399
1;404
1;0
1;1
1;1
1;0
1;0
2;851
1;858
1;0
1;0
1;0
1;1
1;1
1;0
1;0
1;1
1;1
1;1
1;1
1;1
1;0
1;0
1;0
1;1
1;0
1;1
1;0
1;1
1;1
1;1
1;1
1;0
1;1
1;0
1;1
1;0
1;1
1;0
1;0
1;0
1;0
1;1
1;0
1;0
1;1
1;1
1;0
1;1
1;0
1;0
1;1
1;1
1;1
1;0
1;1
1;0
1;1
1;1
1;0
1;0
1;1
1;1
1;0
1;0
1;0
1;1
1;0
1;0
1;0
1;0
1;0
1;0
1;1
1;0
1;0
1;0
1;0
1;0
1;1
1;1
1;0
1;1
1;0
1;0
1;0
1;0
1;1
1;1
1;0
1;0
2;421
1;427
1;1
1;0
1;1
1;0
1;1
1;1
1;1
1;0
1;2
1;0
1;1
1;0
1;1
1;0
1;0
1;1
1;1
1;1
1;0
1;0
1;1
1;0
1;1
1;0
1;1
1;0
1;0
1;2
1;1
1;1
1;0
1;1
2;13
1;20
2;69
1;75
2;85
1;91
2;111
1;122
2;142
1;148
2;162
1;168
2;269
1;275
2;553
1;559
1;0
1;0
1;0
1;0
1;0
1;0
1;1
1;1
1;0
1;0
1;0
1;1
1;1
1;1
1;0
1;0
1;0
1;1
1;1
1;1
1;1
1;1
1;1
1;0
1;1
1;0
1;0
1;0
1;0
2;290
1;296
1;0
1;0
1;1
1;0
1;0
1;2
1;0
1;0
1;0
1;2
1;0
1;7
2;11
1;17
2;43
1;50
2;89
1;95
2;131
1;137
2;141
1;147
2;178
1;184
2;190
1;195
2;201
1;207
2;223
1;229
1;0
1;0
1;0
1;0
1;1
1;0
1;1
1;1
1;0
1;0
1;0
1;1
1;1
1;1
1;0
1;0
2;633
1;639
1;0
1;0
1;1
1;0
1;1
2;1826
1;1832
1;1
2;9
1;15
1;1
1;1
1;0
1;1
1;1
1;1
1;0
1;0
1;1
2;70
1;75
1;2
1;0
1;0
1;1
1;0
2;311
1;318
1;1
1;0
1;0
1;0
1;1
1;0
1;2
1;0
2;240
1;246
1;0
2;63
1;69
1;0
1;1
1;1
1;1
1;0
1;0
1;0
1;1
1;2
1;0
2;366
1;372
2;900
1;906
1;0
1;1
1;1
1;0
1;0
2;59
1;65
1;0
1;0
1;1
1;0
1;1
1;0
1;2
1;0
1;0
1;1
1;1
1;0
1;0
1;0
1;0
1;0
1;1
1;0
1;0
1;0
1;1
1;0
1;0
1;2
1;0
1;1
1;0
1;1
1;0
1;1
1;1
1;1
1;0
1;0
1;1
1;0
1;1
1;1
1;1
1;1
1;1
2;16
1;22
2;89
1;96
2;122
1;128
1;0
1;0
1;1
1;0
1;0
1;0
1;0
1;0
2;1862
1;1868
2;1926
1;1932
1;0
1;0
1;1
2;11
1;23
2;45
1;51
2;79
1;84
2;111
1;117
2;180
1;187
1;0
1;0
1;1
1;0
1;0
1;0
1;1
1;1
1;1
1;1
1;0
1;0
1;1
1;0
1;2
1;0
1;0
2;268
1;274
1;0
1;1
1;1
1;0
1;1
1;0
2;545
1;551
1;1
2;204
1;209
1;1
1;0
1;0
1;0
1;0
1;0
1;0
1;1
1;1
1;0
1;0
1;0
1;0
1;0
1;0
1;0
1;0
1;0
1;0
1;0
1;1
1;0
1;0
1;1
1;1
1;0
1;0
1;2
1;1
1;0
1;1
1;0
1;0
1;0
1;0
1;0
1;0
1;0
1;0
1;1
2;345
1;351
1;1
1;0
1;0
1;0
1;0
1;0
1;0
1;1
1;0
1;0
1;0
1;2
1;0
1;0
1;0
1;1
1;0
1;0
1;0
1;1
1;0
1;0
1;0
1;0
1;1
1;0
1;1
1;0
2;131
1;137
1;1
1;0
1;1
1;0
1;0
1;0
1;0
1;0
1;0
1;0
1;1
1;1
1;1
1;0
1;0
1;1
1;0
1;0
1;0
1;0
1;0
1;1
1;1
1;0
1;1
1;1
1;1
1;0
1;0
1;1
1;0
1;0
1;0
1;0
2;162
1;167
1;1
1;3
1;0
2;239
1;244
1;0
1;1
1;1
1;0
1;0
1;1
1;0
1;1
1;1
1;0
1;1
1;1
1;1
1;0
1;0
1;0
1;0
1;0
1;0
1;1
1;1
1;0
1;0
1;0
1;1
1;0
2;143
1;149
1;0
1;0
1;0
1;2
1;1
1;0
1;1
1;0
1;0
2;89
1;94
1;0
1;0
1;0
1;0
1;0
1;0
1;0
2;5
1;11
2;28
1;34
2;45
1;51
2;62
1;68
2;83
1;89
2;103
1;109
2;116
1;121
2;169
1;175
1;1
1;0
1;0
1;0
1;0
1;0
1;0
1;1
1;0
1;0
2;158
1;164
2;225
1;231
1;1
1;0
1;1
1;1
1;0
1;0
1;1
1;1
1;1
1;0
1;1
1;0
1;0
1;0
1;1
1;0
1;1
1;1
1;0
1;0
1;0
1;2
1;3
1;1
1;0
1;1
1;0
1;0
1;0
1;0
1;0
1;1
1;0
1;0
1;0
1;0
1;0
1;0
1;1
1;1
1;1
1;1
1;0
1;1
1;0
1;0
1;0
1;1
1;0
1;0
1;1
1;1
1;0
1;0
1;1
1;0
1;1
1;0
1;0
1;1
1;1
1;1
1;1
1;1
1;1
1;0
1;1
1;0
1;1
2;83
1;89
1;1
1;0
1;1
1;1
1;0
1;0
1;0
1;1
1;0
1;0
1;0
1;0
1;1
1;0
1;1
1;0
1;0
1;1
1;1
2;0
1;6
2;51
1;57
1;0
2;93
1;99
1;1
1;0
2;92
1;98
1;1
1;1
1;1
1;1
2;100
1;105
1;0
1;1
1;1
1;0
1;0
1;1
1;0
1;0
1;0
1;1
1;0
1;0
1;0
1;1
1;0
1;0
1;0
1;0
1;1
1;1
1;0
1;0
1;1
1;0
1;0
1;1
1;1
1;1
1;1
1;0
2;15
1;21
2;81
1;87
2;106
1;112
1;0
1;0
1;0
1;1
1;0
1;1
1;1
1;0
1;1
1;0
1;1
1;1
1;0
1;0
1;0
1;0
1;0
2;869
1;875
1;0
1;0
1;0
1;1
1;0
1;0
1;0
1;0
1;0
1;1
1;1
1;0
1;0
1;2
1;0
1;1
1;1
1;1
1;0
1;1
1;1
1;0
2;300
1;306
2;355
1;361
2;365
1;371
2;623
1;629
1;1
2;825
1;831
1;1
2;389
1;396
1;0
1;1
1;1
1;0
1;0
1;0
1;0
1;1
1;1
1;0
1;0
1;1
1;0
2;190
1;195
1;0
1;0
1;0
1;0
1;0
1;0
1;1
1;1
1;0
1;0
1;1
1;0
1;0
1;0
1;0
1;0
1;0
1;0
1;1
1;1
1;0
1;1
1;1
1;0
1;1
2;35
1;42
2;51
1;57
2;62
1;68
2;108
1;114
2;119
1;124
2;138
1;144
2;159
1;165
2;171
1;183
1;189
2;229
1;235
2;242
1;247
2;254
1;260
2;281
1;287
2;307
1;312
2;350
1;356
2;1034
1;1040
2;1137
1;1143
1;1
1;0
1;1
1;0
1;0
1;1
1;1
1;0
1;0
1;0
1;0
1;1
1;0
1;0
2;1031
1;1036
1;0
1;0
1;0
1;0
1;1
1;1
1;0
1;1
1;0
1;0
2;393
1;399
1;0
1;1
1;1
1;1
1;0
1;0
1;1
1;0
1;0
1;0
1;0
1;0
1;0
1;0
1;0
1;0
1;1
1;1
1;0
1;1
1;0
1;1
1;1
1;0
1;0
1;1
1;0
1;0
1;1
1;1
2;47
1;53
2;58
1;63
1;1
1;0
1;1
1;1
1;0
1;0
1;1
1;0
1;2
1;0
2;662
1;668
1;0
1;0
1;0
1;1
1;0
1;1
1;0
1;1
1;1
1;0
1;1
1;1
1;1
1;1
1;1
1;1
1;0
1;0
1;1
1;0
1;0
1;1
1;0
1;1
1;0
1;0
1;1
1;1
1;0
1;1
1;1
1;1
1;0
1;1
1;0
1;0
2;370
1;376
1;4
2;39
1;45
2;62
1;68
2;168
1;174
2;176
1;182
2;185
1;191
2;199
1;205
2;216
1;222
2;442
1;448
1;1
1;1
1;1
1;0
1;1
1;1
1;0
1;1
2;1584
1;1589
1;0
1;1
1;0
2;192
1;198
1;1
1;1
1;0
1;0
2;1629
1;1640
1;1646
2;1650
1;1656
1;0
1;0
1;0
1;1
1;0
1;1
1;0
1;0
1;1
1;0
1;1
1;0
1;1
1;0
1;0
1;0
1;1
1;0
1;0
1;1
1;1
1;0
2;361
1;366
1;0
1;0
1;1
1;0
1;0
1;0
1;1
1;0
1;0
1;1
1;1
1;0
1;1
1;0
1;0
1;0
1;1
1;0
1;0
1;0
1;0
1;0
1;0
1;1
1;0
1;1
1;0
1;0
1;2
1;1
1;0
2;5
1;11
1;0
1;1
1;0
1;1
1;0
1;0
1;1
1;0
1;1
1;0
1;2
1;0
1;1
1;0
1;1
1;1
1;0
1;0
1;0
1;0
1;0
1;0
2;111
1;117
1;0
1;0
1;1
1;0
1;1
1;1
1;0
1;1
1;1
1;0
1;1
1;0
1;0
1;1
1;0
1;0
1;0
1;1
1;1
1;1
1;0
1;0
1;1
1;0
1;0
1;1
1;1
1;0
1;0
1;0
1;1
1;0
1;1
1;0
1;0
1;0
1;0
1;1
1;1
1;0
1;1
1;0
1;1
1;0
2;191
1;197
1;0
1;0
1;0
1;0
2;340
1;346
3;6
2;46
1;53
2;65
1;71
2;174
1;180
2;184
1;190
2;195
1;205
2;227
1;233
2;238
1;244
1;250
2;255
1;261
2;277
1;283
2;320
1;326
2;379
1;385
1;1
1;0
1;0
1;0
1;0
1;0
1;1
1;1
1;1
1;0
1;1
1;0
1;1
1;0
1;0
1;1
1;0
1;1
1;0
1;0
1;1
1;1
1;1
2;33
1;39
1;1
1;0
1;0
1;1
1;0
1;0
1;0
1;1
1;0
1;1
1;0
1;0
1;1
1;1
1;0
1;0
1;1
1;0
1;1
1;0
1;0
1;0
1;0
2;80
1;85
1;0
1;1
2;104
1;110
1;1
1;0
1;1
2;551
1;557
1;0
1;1
1;1
1;1
1;1
1;1
1;0
2;110
1;116
1;0
1;2
1;1
1;0
2;165
1;171
1;0
1;1
1;1
1;1
1;1
1;0
1;0
1;0
1;1
1;1
1;1
1;0
1;1
1;0
1;0
1;0
2;104
1;109
1;0
1;1
1;1
1;0
1;0
1;0
1;0
1;0
1;1
1;1
1;1
1;1
1;1
2;145
1;151
1;0
1;1
1;2
1;1
1;1
1;1
1;0
1;0
2;12
1;17
1;0
1;1
1;0
1;0
1;0
1;0
1;0
1;0
1;2
1;0
1;0
1;1
1;0
1;1
1;0
1;1
1;0
1;0
1;1
1;0
1;0
1;0
1;1
1;0
1;1
1;0
1;1
1;1
1;1
1;1
1;0
1;1
1;0
1;1
1;0
1;0
1;1
1;0
1;0
1;1
1;0
1;0
1;1
1;0
1;1
1;0
1;0
1;0
1;0
1;0
1;1
1;0
1;0
1;0
1;0
1;1
1;0
1;0
1;0
1;1
1;0
1;0
1;0
1;1
1;1
1;1
1;0
1;0
1;0
1;0
1;1
1;1
1;1
1;1
1;0
1;0
1;1
1;1
1;1
1;0
1;0
1;1
1;1
1;1
1;0
1;0
1;0
1;1
1;1
1;1
1;1
1;0
1;0
1;1
1;1
1;0
1;0
2;1487
1;1493
2;1516
1;1522
1;1
1;1
1;0
1;0
1;0
1;0
1;0
1;1
1;1
1;1
1;0
1;0
1;0
1;0
1;0
1;1
1;0
1;0
1;1
1;1
1;0
1;0
2;523
1;529
1;1
1;0
1;1
1;0
1;0
1;0
1;0
1;1
1;0
1;1
1;1
1;0
1;0
1;0
1;0
1;0
1;1
1;0
1;0
1;1
2;312
1;318
1;0
1;0
1;0
1;1
1;0
1;0
1;0
1;1
1;5
2;14
1;20
2;54
1;60
2;422
1;428
1;0
1;0
1;2
1;0
1;1
1;1
1;1
1;1
1;0
1;2
1;1
1;0
1;0
1;0
1;1
1;0
1;0
1;0
1;0
1;0
1;1
1;1
1;1
1;1
1;1
1;0
1;1
1;0
1;0
1;0
1;0
1;1
1;0
1;0
1;1
1;1
1;0
1;0
1;0
1;0
1;0
1;1
1;0
1;0
1;0
1;1
1;1
1;1
1;1
1;1
1;1
2;86
1;92
1;0
1;2
1;0
1;0
2;10
1;17
2;43
1;49
1;56
2;92
1;98
1;105
1;1
1;5
1;0
1;0
1;0
1;1
1;1
1;0
1;0
1;1
1;0
1;1
1;1
1;1
1;0
1;0
1;0
1;0
1;0
1;1
1;0
1;0
1;0
1;1
1;1
1;1
1;0
1;1
1;1
1;0
2;27
1;33
2;58
1;64
2;74
1;80
2;85
1;91
2;109
1;115
2;144
1;150
2;187
1;193
2;233
1;239
1;0
1;0
1;0
1;1
1;0
1;0
1;1
1;1
1;1
1;0
1;0
1;0
1;1
1;0
1;1
1;0
1;1
1;1
1;0
1;0
1;0
1;1
1;0
1;0
1;1
1;0
1;0
1;0
1;0
1;1
1;1
1;0
1;1
2;79
1;84
1;0
1;0
1;1
1;0
1;0
1;0
1;1
1;1
1;0
1;1
1;0
1;1
1;1
2;29
1;35
2;93
1;99
1;1
1;0
1;1
1;0
1;0
1;1
2;364
1;369
1;0
1;0
1;0
1;0
1;0
1;1
1;1
1;1
1;1
1;1
2;9
1;15
2;24
1;29
2;41
1;46
2;53
1;59
2;81
1;87
2;368
1;375
1;0
1;1
1;0
2;69
1;75
2;138
1;144
1;0
1;1
1;1
1;0
1;0
1;0
1;0
1;0
1;0
1;0
1;0
1;0
1;1
1;1
1;1
1;0
1;1
1;0
1;0
1;0
1;1
1;0
1;0
1;0
1;0
1;0
1;0
1;1
1;0
1;0
1;0
1;0
1;2
1;0
1;0
1;0
2;53
1;59
2;119
1;125
1;0
1;0
1;0
1;0
1;0
1;1
1;1
1;1
1;0
2;175
1;180
1;0
1;1
1;0
1;0
1;0
1;0
1;1
1;1
1;1
1;0
1;0
1;0
1;0
1;1
1;0
1;1
1;1
1;1
1;0
1;1
1;0
1;0
1;0
1;0
1;0
1;0
1;0
1;1
1;0
1;1
1;1
1;1
1;0
2;42
1;48
1;0
1;1
1;0
1;0
1;1
1;1
1;0
2;231
1;237
2;297
1;304
2;312
1;319
1;2
1;0
1;0
1;0
1;0
1;0
1;1
1;0
1;0
1;0
2;0
1;6
2;14
1;20
2;54
1;60
1;1
1;0
1;0
1;0
1;1
1;0
1;0
1;0
1;0
2;353
1;359
2;421
1;427
1;1
1;1
1;2
1;0
1;1
1;1
1;0
1;0
1;1
1;0
1;1
1;0
1;0
1;2
1;0
1;0
1;0
1;1
2;252
1;257
1;0
1;1
1;1
1;0
1;0
1;1
1;0
1;0
1;0
1;1
1;0
1;0
1;1
1;0
1;1
1;1
1;0
1;1
1;1
1;1
2;59
1;65
1;1
1;1
1;0
1;0
1;1
1;0
1;0
1;1
1;1
1;0
1;1
1;1
1;0
1;1
1;0
2;801
1;807
1;0
1;0
1;1
1;1
1;1
1;1
1;0
1;0
1;0
1;0
1;1
2;1017
1;1024
1;0
1;2
1;0
1;0
1;0
1;0
1;0
1;0
1;1
1;1
1;0
1;0
1;1
1;1
2;1
1;8
2;10
1;17
2;45
1;52
2;63
1;69
2;192
1;198
2;305
1;312
1;1
1;1
1;1
1;0
1;0
1;1
1;0
1;1
1;0
1;0
1;0
1;1
1;0
1;1
1;1
1;0
1;0
2;35
1;40
1;1
1;0
1;1
1;1
1;1
2;92
1;98
1;1
1;0
1;1
1;0
1;1
1;1
1;1
1;1
1;1
1;0
1;0
1;0
1;1
2;558
1;564
1;0
1;0
1;1
1;1
1;0
1;1
1;0
1;0
1;1
1;1
2;393
1;398
1;1
1;0
1;1
2;36
1;42
1;0
1;0
1;1
1;1
1;0
1;0
1;1
1;1
1;0
1;1
1;1
1;0
1;0
1;1
1;0
1;0
1;1
1;1
1;0
1;0
1;0
2;105
1;111
1;1
1;2
2;61
1;66
1;0
1;0
1;0
1;1
1;0
1;0
1;1
1;0
1;0
1;1
1;1
1;0
1;0
1;0
1;0
1;1
1;1
1;1
1;0
1;1
1;0
1;0
1;1
1;0
1;1
1;0
1;1
1;0
1;0
1;1
1;0
1;1
1;1
1;1
1;0
1;1
1;0
1;1
1;0
1;1
1;1
1;0
1;0
1;1
1;1
1;1
1;0
1;1
1;0
1;1
1;2
2;81
1;88
1;1
1;0
1;0
1;0
1;0
1;0
1;0
1;1
1;1
1;1
1;0
1;1
1;0
1;1
1;0
1;1
1;1
1;0
1;0
1;0
1;0
1;1
1;0
1;1
1;0
1;0
1;0
1;0
1;1
1;0
1;0
1;1
1;0
1;1
1;0
1;1
1;1
1;1
1;1
1;0
1;1
1;1
1;1
1;0
1;0
1;0
1;0
1;0
1;0
1;1
1;1
1;0
1;1
1;0
2;463
1;469
2;524
1;531
1;1
1;0
1;0
1;1
1;0
1;0
1;0
1;0
1;0
1;0
1;1
1;0
1;1
1;0
1;0
1;0
1;0
1;0
1;1
1;0
1;0
1;0
1;0
1;1
1;1
1;0
1;0
1;0
1;1
1;1
1;0
1;0
1;0
1;0
1;0
1;1
2;58
1;64
2;1285
1;1292
1;0
1;0
1;0
1;1
1;1
1;0
1;0
1;0
2;101
1;107
1;1
1;0
2;48
1;53
1;0
1;0
2;113
1;119
1;0
1;0
1;1
1;0
1;0
1;0
1;0
2;211
1;216
1;0
1;1
2;21
1;27
1;0
1;1
1;0
1;0
1;0
1;0
1;0
1;2
1;0
1;1
1;1
1;0
1;1
1;0
1;0
1;0
2;193
1;199
1;1
1;1
1;1
2;27
1;33
1;0
1;0
1;0
1;0
1;0
1;0
1;1
1;0
1;1
1;0
1;0
1;2
1;1
1;0
1;0
1;0
1;1
1;0
1;1
1;0
1;0
1;0
1;0
1;1
1;1
1;0
1;4
2;53
1;59
2;246
1;252
1;0
1;0
2;1234
1;1240
1;1
1;0
1;0
1;0
1;0
1;0
1;0
1;0
1;1
1;0
1;1
1;1
1;0
1;1
1;0
1;0
1;0
1;0
1;1
1;0
1;0
1;1
1;0
1;1
1;0
1;0
2;77
1;82
1;1
1;1
1;1
1;0
1;0
1;1
1;1
1;0
1;1
1;1
1;0
1;0
1;0
1;1
1;1
1;0
1;0
1;2
1;0
1;0
1;1
2;16
1;22
2;58
1;64
2;80
1;87
2;108
1;114
1;0
1;0
1;0
1;2
1;1
1;1
1;0
1;1
1;1
1;0
1;0
1;0
1;0
2;2
1;8
2;10
1;15
2;52
1;58
2;248
1;255
2;334
1;341
2;762
1;768
1;0
1;0
1;1
1;0
1;0
1;0
1;0
1;1
1;0
1;0
2;13
1;18
1;1
1;0
1;0
1;2
1;1
1;1
1;0
1;1
1;0
1;0
1;0
1;0
1;0
1;0
1;1
1;2
1;0
1;1
1;0
1;0
1;0
1;0
1;0
1;0
1;2
1;0
1;0
1;0
1;0
1;1
2;307
1;312
1;1
1;1
1;0
1;1
1;0
1;0
1;0
1;1
1;0
1;0
1;0
1;0
1;1
1;0
1;0
1;1
1;0
1;0
1;0
1;1
1;0
1;0
1;1
1;0
1;1
1;0
1;0
1;1
1;1
1;1
1;0
1;0
1;0
1;1
1;1
1;1
1;0
1;0
1;1
1;0
1;0
1;1
1;1
1;1
1;1
1;0
1;0
1;0
1;0
1;0
1;0
1;0
2;610
1;616
1;0
1;1
2;262
1;268
1;0
1;0
1;0
1;0
1;0
1;0
1;1
1;0
1;0
1;0
1;1
2;134
1;140
1;0
1;1
1;0
1;0
1;1
1;0
1;0
2;65
1;70
1;0
1;0
1;0
1;1
1;0
1;1
1;1
1;1
1;0
1;0
1;0
1;0
1;1
1;0
1;0
1;1
1;2
1;0
1;0
1;0
1;1
1;1
1;0
1;0
2;73
1;78
1;0
1;0
1;1
1;0
1;1
1;0
1;1
1;1
1;0
2;231
1;236
1;1
1;1
1;1
1;0
1;0
1;0
1;1
1;1
1;1
1;1
1;0
1;0
1;0
2;47
1;53
1;1
1;0
1;0
1;1
2;7
1;13
2;35
1;41
2;49
1;55
2;84
1;90
1;1
1;0
1;0
1;0
1;1
2;1219
1;1225
1;1
1;0
1;1
1;0
1;1
1;0
1;0
1;0
1;0
1;1
1;0
1;1
1;0
1;0
1;0
1;1
1;1
1;0
1;1
1;0
1;0
1;2
1;0
1;1
1;0
1;0
1;1
1;0
1;0
1;0
1;1
1;0
1;0
1;1
1;0
1;1
1;1
1;1
1;0
1;1
1;1
1;0
1;1
1;1
1;1
1;0
1;0
1;0
2;200
1;205
1;1
1;0
1;1
1;1
1;0
1;1
1;0
1;0
1;0
1;0
1;1
1;1
1;1
1;1
1;0
1;0
1;1
1;1
1;0
1;1
1;0
1;1
1;0
1;0
1;1
1;1
1;0
1;0
1;0
1;0
1;1
1;1
1;1
1;1
1;0
1;0
1;0
1;0
1;1
1;1
1;1
1;1
1;0
1;1
1;0
1;1
2;161
1;166
1;0
1;1
1;0
1;1
1;0
1;0
1;0
1;1
1;0
1;0
1;1
1;0
1;1
1;0
2;22
1;28
1;0
1;0
1;0
1;0
1;0
1;0
1;1
1;0
1;0
1;0
1;0
1;1
2;1019
1;1025
1;1
1;0
1;1
1;0
1;0
2;191
1;197
1;0
1;0
1;1
1;0
1;0
1;1
1;1
1;0
1;1
1;0
1;0
1;0
1;1
1;0
1;1
1;1
1;0
1;1
1;0
1;1
1;0
1;0
2;98
1;104
1;1
1;0
1;0
1;0
1;0
2;131
1;136
1;0
1;0
1;0
1;0
1;1
1;0
1;1
1;0
1;1
2;253
1;260
1;0
1;1
1;0
1;0
1;0
1;0
1;1
1;0
1;0
1;1
1;0
1;1
1;1
1;0
1;0
1;1
1;1
1;0
1;1
1;0
1;0
1;0
1;1
1;0
1;0
1;0
1;0
1;1
1;0
1;0
1;1
1;1
1;0
1;0
2;341
1;347
1;0
1;0
1;0
2;448
1;454
1;1
1;0
1;0
1;0
1;0
1;0
1;0
1;0
1;0
1;1
1;1
1;0
1;0
1;0
1;0
1;1
1;0
1;0
1;1
1;1
1;1
1;1
2;222
1;227
1;0
1;1
1;1
1;0
1;1
2;82
1;88
1;0
1;1
1;0
1;0
1;0
1;0
1;0
1;0
1;1
1;0
1;1
1;0
1;2
1;1
1;0
1;1
1;1
1;0
1;0
1;0
1;0
1;0
1;1
1;0
1;0
1;1
1;0
1;0
1;1
1;0
1;1
1;1
1;1
1;1
1;0
1;0
1;0
1;0
1;1
1;0
1;0
1;1
1;0
1;0
1;1
1;0
1;0
1;1
1;0
1;0
1;0
1;1
1;0
1;1
1;1
1;0
1;0
2;47
1;54
1;0
1;0
1;1
1;0
1;0
1;1
1;1
1;0
1;0
1;0
1;1
1;0
1;0
1;1
1;0
1;0
1;0
1;1
1;0
1;0
2;333
1;340
1;1
1;0
1;0
1;1
1;0
1;0
1;1
1;1
1;0
1;0
1;0
1;1
1;1
1;1
1;1
1;0
1;0
1;1
1;1
1;1
1;0
2;373
1;379
1;0
1;1
1;2
1;0
1;0
1;0
1;0
1;0
1;1
1;0
1;1
1;1
1;1
1;1
1;1
1;0
1;0
1;0
1;0
1;1
1;0
1;1
1;1
1;0
1;0
1;0
1;1
1;1
1;1
1;0
1;1
1;0
1;1
1;1
1;0
1;0
1;1
1;1
1;1
1;0
1;1
1;1
1;1
1;1
1;0
1;0
1;0
1;0
1;0
2;1455
1;1462
1;0
1;0
1;0
1;1
1;0
1;1
1;0
1;0
1;1
1;0
1;1
1;2
1;0
1;0
1;1
1;0
1;1
1;0
1;0
1;0
1;0
1;0
1;1
1;0
2;5
1;11
1;1
1;0
1;0
1;1
1;1
1;0
1;1
2;521
1;527
2;596
1;602
1;1
1;2
1;0
1;1
1;0
1;1
1;1
1;0
1;0
1;1
1;0
1;0
1;0
1;0
1;0
1;1
1;1
1;0
1;1
1;0
1;0
2;423
1;429
2;527
1;533
1;1
1;0
2;301
1;307
2;364
1;370
1;1
1;0
1;0
1;0
2;275
1;281
1;2
1;1
1;1
1;1
1;0
1;1
2;10
1;16
2;40
1;46
1;0
1;1
1;0
1;1
1;0
1;0
1;1
1;0
1;1
1;0
1;1
1;0
1;0
1;0
1;0
2;54
1;61
1;1
1;0
1;0
1;0
1;0
1;0
1;1
1;0
1;1
1;0
1;1
1;1
2;461
1;467
1;1
1;0
1;0
1;0
1;0
1;0
1;0
1;0
1;0
2;287
1;293
1;0
1;0
1;0
1;0
1;1
1;1
1;1
1;0
1;0
1;1
1;0
1;0
1;1
1;0
1;1
1;0
1;1
1;1
1;0
1;0
1;0
1;0
1;0
1;1
1;0
1;0
1;0
1;0
1;0
1;0
1;0
1;0
1;0
1;0
1;1
2;218
1;224
1;0
1;1
1;0
1;0
1;1
1;0
1;0
1;1
1;0
1;0
1;1
1;1
1;1
1;1
1;1
1;0
1;0
2;281
1;286
1;1
1;0
1;0
1;1
1;0
1;1
1;1
1;1
1;0
1;0
1;0
1;0
1;0
1;1
1;1
1;0
1;0
1;0
1;1
1;1
1;1
1;0
1;1
1;1
1;0
1;1
1;1
1;2
1;0
1;1
1;0
1;0
1;0
1;0
1;1
1;0
1;0
1;1
1;0
1;0
1;1
1;0
1;0
1;0
1;0
1;0
1;1
2;97
1;103
1;1
1;1
1;0
1;1
1;0
1;0
1;1
1;0
1;1
1;0
1;0
1;0
1;0
2;136
1;142
1;1
1;0
1;1
1;0
1;0
1;1
2;8
1;13
1;1
1;1
1;0
1;0
1;1
1;0
1;1
1;0
1;1
1;1
1;1
1;0
1;0
1;0
1;1
1;1
1;1
1;1
1;0
1;1
1;0
1;1
2;32
1;37
1;0
1;0
1;0
1;0
1;1
1;1
1;1
1;1
1;0
1;0
1;0
1;1
1;1
1;0
1;1
1;0
2;160
1;167
1;0
1;2
1;1
1;1
1;1
1;1
1;0
1;0
1;0
1;0
1;0
1;0
1;1
1;1
1;0
1;1
2;87
1;93
1;0
1;0
1;0
1;1
1;0
1;0
1;0
1;0
1;0
1;0
1;0
1;0
1;0
1;1
1;1
1;0
1;0
1;1
1;1
1;0
1;0
1;0
2;54
1;59
1;1
1;1
1;1
1;1
2;1334
1;1344
1;0
1;0
1;1
1;0
1;1
1;0
1;0
1;1
1;1
1;0
1;1
1;0
1;0
1;0
1;0
1;0
1;0
1;0
1;1
1;0
1;1
1;0
1;0
1;0
1;0
1;0
1;0
1;1
1;0
1;0
1;1
1;1
1;0
1;0
1;1
1;0
1;0
1;2
1;0
1;0
1;1
1;1
1;0
1;0
1;1
1;1
1;0
1;1
1;1
1;0
1;1
1;0
1;0
1;0
2;136
1;142
1;1
1;1
1;0
1;0
1;0
1;0
1;0
1;0
1;1
1;0
1;0
1;1
1;0
1;0
1;1
1;0
1;0
1;0
1;1
2;572
1;578
2;0
1;6
2;21
1;27
2;52
1;58
2;71
1;77
1;1
1;0
1;0
1;1
1;1
1;0
2;67
1;72
1;0
1;0
1;1
1;0
1;1
1;1
1;0
1;0
1;0
1;0
2;1568
1;1573
1;0
1;0
1;1
1;0
1;0
1;0
1;0
1;2
1;1
1;1
1;1
1;0
1;1
1;1
1;0
2;61
1;67
1;0
1;1
1;1
1;0
2;1369
1;1375
1;0
1;1
1;1
1;0
1;0
1;0
1;1
1;0
1;0
1;0
1;0
1;0
1;1
1;1
1;1
1;1
1;0
1;0
1;0
2;11
1;17
2;70
1;76
2;155
1;161
1;0
1;0
1;0
1;1
1;0
1;0
2;19
1;24
1;1
1;0
1;0
1;0
1;0
1;0
1;1
1;0
1;1
1;0
1;0
1;0
1;0
1;0
1;0
1;0
1;0
1;1
1;1
1;1
1;0
1;1
1;1
1;0
1;4
2;32
1;43
2;60
1;67
2;76
1;82
2;95
1;101
2;108
1;113
2;122
1;128
2;133
1;139
2;142
1;148
2;165
1;171
2;308
1;314
1;1
1;1
1;0
1;1
1;1
1;1
1;0
2;962
1;967
1;1
1;0
1;1
1;1
1;0
1;1
1;0
2;14
1;20
2;51
1;57
2;77
1;83
2;133
1;139
2;159
1;165
2;320
1;326
2;1143
1;1149
1;1
1;0
1;0
1;0
1;1
2;267
1;272
1;1
1;0
2;192
1;198
1;0
1;0
1;0
1;1
1;0
1;2
1;1
1;0
1;1
1;1
1;0
1;1
1;0
1;1
1;1
1;0
1;1
1;0
1;0
1;0
1;1
1;1
1;0
1;0
1;0
1;0
1;1
1;0
1;0
1;1
1;1
1;0
1;1
1;0
1;0
1;0
1;0
1;0
1;0
1;1
1;0
1;1
2;263
1;269
1;0
1;1
1;0
1;0
1;0
1;0
1;1
1;0
1;0
1;1
1;1
1;0
1;0
1;0
1;1
1;0
1;0
1;0
1;1
1;0
1;1
1;0
2;19
1;25
1;31
2;32
1;0
1;1
1;1
1;0
1;0
1;1
1;0
1;0
1;1
1;1
1;0
1;1
1;1
1;0
1;0
1;0
1;0
1;0
1;0
1;0
1;0
1;1
1;1
1;0
1;0
1;0
1;1
1;1
1;0
1;1
1;0
1;0
1;0
1;0
1;1
1;1
1;0
1;1
1;1
1;0
1;0
1;1
1;0
1;0
1;0
1;0
1;0
1;1
1;1
1;1
1;0
1;0
1;2
1;1
1;1
1;0
1;0
1;1
1;1
1;0
1;0
1;1
1;1
1;0
1;1
1;0
1;1
1;1
1;0
2;925
1;931
3;939
1;0
1;1
1;1
1;0
1;0
1;0
1;0
1;0
1;1
1;0
1;0
1;0
1;0
1;0
1;0
1;0
1;1
1;1
1;0
1;0
1;0
1;0
1;0
1;1
1;0
1;1
1;1
1;0
2;1522
1;1528
1;1
1;1
1;0
1;1
1;0
1;0
2;251
1;257
1;1
1;1
1;1
1;1
1;0
1;1
1;1
1;0
1;1
1;0
1;0
1;1
1;0
1;0
1;1
1;1
1;0
1;0
2;170
1;176
1;0
1;0
1;0
1;0
1;0
1;0
1;0
1;0
1;1
1;0
1;1
1;1
1;1
1;1
1;0
1;0
1;1
1;0
1;0
1;2
1;0
1;0
1;1
1;0
1;0
1;4
2;10
1;15
2;51
1;57
1;0
1;2
1;1
1;0
1;1
1;1
1;1
1;0
1;1
1;0
1;0
1;0
1;0
1;1
2;128
1;134
1;1
1;1
1;1
1;0
1;1
1;0
1;1
1;1
1;0
1;0
1;0
1;1
1;0
1;0
1;0
1;0
1;0
1;0
1;0
1;1
1;0
1;1
1;2
1;0
1;1
1;0
1;0
1;0
1;0
1;0
1;0
1;1
1;0
1;0
1;1
1;1
1;1
1;0
1;0
1;0
1;0
1;0
1;1
1;0
1;0
1;0
1;0
2;284
1;290
1;0
1;1
2;142
1;148
1;1
1;0
1;1
1;0
1;0
1;0
1;0
2;1023
1;1029
1;1
1;0
1;1
1;1
1;0
2;156
1;162
1;0
1;0
1;1
1;0
1;1
1;0
1;0
1;0
1;2
1;0
1;0
1;1
1;0
1;1
1;1
1;1
1;0
1;0
1;0
1;1
1;0
1;0
1;0
1;1
1;0
1;0
1;1
1;0
1;1
1;0
1;0
1;0
1;0
1;1
1;1
1;1
1;0
1;0
1;0
1;0
2;434
1;440
1;0
1;0
1;0
1;1
1;0
2;11
1;18
2;20
1;26
2;41
1;47
2;134
1;140
2;155
1;161
2;231
1;237
1;0
1;0
1;0
2;90
1;96
1;1
1;0
1;0
1;0
1;0
1;0
1;0
1;1
1;1
1;1
1;0
1;0
1;1
1;1
1;1
1;0
1;0
1;1
2;25
1;31
1;0
1;1
1;0
1;1
1;0
1;0
1;0
1;1
1;0
1;0
1;1
2;1342
1;1348
1;1
1;0
2;531
1;537
1;0
1;0
1;1
1;0
1;0
1;0
1;0
1;0
1;1
1;1
1;0
2;81
1;86
1;93
1;0
1;1
1;1
1;0
1;0
1;0
1;1
1;2
2;4
1;10
2;40
1;46
2;67
1;73
1;1
1;0
1;1
1;2
1;1
1;0
1;1
1;1
1;1
1;0
1;0
1;0
1;1
1;1
1;1
1;0
1;1
1;1
1;0
1;0
1;0
1;1
1;0
2;365
1;370
1;0
1;0
2;16
1;21
1;1
1;1
1;1
1;0
1;1
1;0
1;0
1;0
1;1
1;0
1;0
1;1
1;0
1;1
1;1
1;1
1;1
1;0
1;1
1;1
1;1
1;0
1;0
1;0
1;1
1;0
1;0
1;1
1;0
1;0
1;0
1;1
2;34
1;39
1;1
1;0
1;1
2;426
1;432
1;0
1;0
1;0
2;199
1;204
1;0
1;0
1;1
1;1
1;0
1;0
1;0
1;1
1;1
1;0
1;0
1;0
1;0
1;1
1;0
1;0
1;0
1;1
1;0
1;0
1;0
2;373
1;380
1;1
1;1
1;1
1;0
1;1
1;0
1;0
1;0
1;0
1;1
1;1
1;0
1;1
1;1
1;6
1;0
1;0
1;0
1;0
1;0
1;0
1;1
1;0
1;0
1;1
1;0
1;0
1;1
1;0
1;1
1;0
1;0
1;0
1;0
1;0
1;0
1;1
1;0
1;0
1;0
1;0
1;0
1;0
2;56
1;62
1;1
1;1
1;1
1;0
1;1
1;0
1;0
1;0
2;150
1;156
1;0
1;0
1;1
1;1
1;1
1;1
1;1
1;1
1;0
1;0
1;0
1;0
1;0
1;0
1;1
1;0
1;1
1;1
1;1
1;1
1;0
1;0
1;1
1;0
1;0
2;237
1;242
1;0
2;271
1;277
1;0
1;1
1;1
1;0
1;0
1;1
1;0
1;1
1;0
1;0
1;1
1;1
1;0
1;0
1;1
1;0
2;281
1;288
1;1
1;1
1;0
1;1
1;0
1;2
1;0
1;0
1;0
1;0
1;1
1;0
1;0
1;0
1;1
1;0
1;0
1;1
1;0
1;0
1;0
1;0
1;0
1;1
1;0
1;1
1;0
1;0
1;2
1;0
1;0
1;1
1;1
1;0
1;1
1;0
1;0
1;1
1;1
1;1
1;0
1;0
1;1
1;0
1;0
1;1
1;1
1;0
1;0
1;1
1;0
1;0
1;0
1;1
1;0
1;0
1;1
1;1
1;1
1;0
1;0
1;0
1;1
1;0
1;1
1;0
1;0
1;1
1;0
1;1
1;0
1;1
1;0
2;77
1;82
1;0
1;1
1;1
1;1
1;0
1;0
1;0
1;1
1;1
1;0
1;1
1;1
2;73
1;78
1;0
1;0
1;0
1;1
1;0
1;0
1;0
1;1
1;1
1;0
1;1
1;0
1;1
1;0
1;0
1;0
1;1
1;1
1;0
1;0
1;1
2;563
1;569
1;0
1;0
1;1
1;1
1;1
1;0
1;1
1;1
1;1
1;0
1;1
2;11
1;17
2;77
1;83
1;0
1;1
1;0
1;0
1;0
1;1
2;87
1;92
1;2
1;0
1;0
1;1
1;1
2;95
1;101
1;0
1;0
1;0
1;1
1;0
1;0
1;0
1;0
1;1
1;0
1;1
1;1
1;0
1;1
1;0
1;0
1;1
1;0
1;0
1;0
1;0
1;0
1;0
1;2
1;0
1;1
2;14
1;20
1;0
1;1
1;1
1;0
1;1
1;0
1;1
1;0
1;1
1;1
1;1
1;0
1;0
1;0
2;7
1;19
2;40
1;46
2;52
1;58
2;81
1;87
2;135
1;141
2;180
1;186
2;189
1;194
1;0
1;0
1;1
1;0
1;0
1;0
1;0
1;1
1;1
1;0
1;0
1;0
1;0
1;0
1;1
1;0
1;0
1;0
1;0
1;1
1;1
1;1
1;1
1;0
1;0
1;0
1;0
1;1
1;1
1;0
1;0
1;1
1;0
1;0
1;1
1;2
1;0
1;1
1;1
1;0
1;0
1;0
1;0
1;0
1;1
1;0
1;1
1;0
1;1
1;1
1;1
1;0
1;1
1;0
1;1
1;1
1;0
1;0
1;0
1;1
1;0
1;0
1;1
2;362
1;367
1;0
1;0
1;0
1;0
1;0
1;0
1;0
1;1
1;0
1;1
1;1
1;1
1;0
1;0
1;0
1;0
1;0
1;0
1;0
1;0
1;0
1;1
1;0
1;1
1;0
1;0
1;0
1;1
1;0
1;1
1;1
1;1
1;0
1;0
1;1
1;0
1;0
1;1
1;0
1;0
1;1
1;0
1;0
1;1
1;0
1;1
1;1
1;0
1;0
2;182
1;188
1;1
1;0
1;1
1;1
1;0
1;1
1;1
1;0
1;1
2;134
1;140
1;0
1;0
1;0
2;293
1;299
2;1
1;7
2;45
1;52
2;79
1;85
1;0
1;0
1;0
1;1
1;1
1;0
1;0
1;0
1;0
1;0
1;0
2;132
1;138
1;0
1;1
1;0
1;0
1;0
1;0
1;0
1;1
2;45
1;51
1;0
1;0
1;1
1;1
1;0
1;0
1;0
1;0
1;0
1;1
1;1
1;0
1;0
1;0
1;1
1;0
1;0
1;0
1;1
1;2
1;0
2;57
1;64
1;0
1;0
1;1
1;0
1;0
1;0
1;0
1;0
1;0
1;1
1;0
1;0
1;0
1;0
1;0
1;0
1;1
1;0
1;0
1;0
1;0
1;1
1;0
1;0
1;0
1;0
1;1
1;0
1;1
1;0
1;0
1;0
1;2
1;1
1;1
1;0
1;0
1;0
1;0
1;0
1;0
1;0
1;0
1;0
1;0
1;1
1;0
2;21
1;27
1;1
1;0
1;1
1;0
1;0
1;0
1;0
1;0
1;1
1;1
1;1
1;0
1;0
1;0
1;0
1;0
1;0
1;0
1;0
1;0
1;0
2;328
1;333
1;0
1;0
1;1
1;0
2;756
1;762
1;1
1;1
1;0
1;0
1;1
1;1
1;0
2;64
1;69
1;0
1;1
1;1
1;1
1;0
1;0
1;0
1;1
1;0
1;1
1;0
1;0
1;0
1;0
1;0
1;1
1;0
1;0
2;241
1;248
1;1
1;1
1;0
1;1
1;0
1;0
1;1
1;0
1;0
1;0
1;0
1;0
1;1
1;1
1;1
1;0
1;0
1;1
1;1
1;0
1;0
1;1
1;1
1;1
1;0
1;1
1;1
2;127
1;133
1;1
1;0
1;0
1;0
1;1
1;0
2;101
1;107
1;2
1;0
1;1
1;0
1;0
1;0
1;0
1;0
1;0
1;0
1;0
1;1
1;1
1;0
1;0
1;0
1;0
1;0
1;0
1;0
1;0
1;1
1;1
1;1
1;1
1;1
1;1
1;0
2;951
1;956
1;1
1;0
1;1
1;0
1;0
1;0
1;0
1;1
1;0
2;55
1;60
1;0
1;1
1;1
1;1
1;1
1;1
1;1
1;0
1;0
1;1
1;0
2;46
1;52
1;0
1;0
1;0
1;1
1;0
1;1
1;0
2;81
1;87
1;0
1;1
1;0
1;0
1;1
1;0
1;0
1;0
1;0
1;1
1;1
1;0
1;1
1;0
1;0
1;0
1;1
1;0
1;0
1;1
1;1
1;0
1;0
1;0
1;1
1;1
1;0
1;1
1;1
1;1
1;1
1;0
1;1
1;0
1;1
1;0
1;0
1;1
1;0
1;0
1;0
1;1
1;0
1;0
1;0
1;0
1;1
1;1
1;0
1;0
1;0
1;0
1;1
2;835
1;841
1;0
1;1
1;0
1;1
1;0
1;0
1;1
1;0
1;1
1;1
1;0
1;0
1;0
1;1
1;0
1;1
1;0
1;1
1;1
1;1
1;0
1;0
1;0
1;2
1;0
1;0
1;0
1;0
1;1
1;0
1;0
1;1
1;0
1;0
1;1
1;0
1;0
1;1
1;0
1;0
1;0
1;0
1;0
1;1
1;0
1;1
1;2
1;1
2;228
1;234
1;1
1;0
1;1
1;0
1;1
1;0
1;0
1;0
1;1
1;0
1;1
2;229
1;235
1;0
1;0
1;0
1;1
1;0
1;2
1;0
1;0
1;0
1;0
1;0
1;1
1;0
1;0
2;542
1;549
1;1
1;0
1;0
1;1
1;0
1;0
1;0
1;0
1;0
1;1
1;1
1;0
1;0
1;0
1;0
1;1
1;0
1;5
2;11
1;16
2;52
1;58
2;68
1;74
2;84
1;90
1;1
1;0
1;1
1;0
1;1
1;1
1;0
1;0
1;1
1;0
1;1
1;0
1;1
1;1
1;1
1;0
1;0
1;1
1;0
1;0
1;0
1;1
1;1
1;0
1;0
1;1
1;0
1;0
1;0
1;1
1;1
1;0
1;0
1;1
1;0
1;0
1;1
1;0
1;1
1;2
1;1
1;0
1;2
1;0
1;0
1;0
1;1
1;0
1;1
1;0
1;0
1;0
2;612
1;618
1;0
1;0
1;0
1;0
1;0
1;0
1;0
1;1
1;1
1;0
1;1
1;1
1;0
1;0
1;0
1;1
1;1
2;949
1;955
2;960
1;965
1;1
1;1
1;1
1;0
1;1
1;0
1;1
1;1
2;3
1;9
2;31
1;42
2;54
1;60
2;124
1;130
2;580
1;586
1;0
1;1
1;0
1;0
1;0
1;0
1;0
1;1
1;0
1;0
2;626
1;631
1;0
1;0
1;0
1;0
1;0
1;1
1;0
1;2
1;0
1;0
1;0
1;1
1;1
1;0
1;0
1;0
1;0
1;0
1;0
1;1
1;1
1;0
1;0
1;1
1;0
1;1
1;0
1;0
1;0
1;1
1;1
1;1
1;0
1;0
1;0
1;1
1;1
1;0
1;0
1;1
1;0
1;1
1;1
1;0
1;0
1;0
1;1
1;0
1;0
1;1
1;0
1;0
1;2
1;0
1;0
1;0
1;0
1;0
1;1
2;928
1;934
1;1
1;0
1;0
1;0
1;0
1;1
1;0
1;1
1;1
1;0
1;1
1;1
1;0
1;1
1;0
1;0
1;1
2;7
1;13
1;1
1;0
2;209
1;214
1;0
1;0
1;0
1;1
1;0
1;1
1;1
1;1
1;0
1;0
1;0
1;0
1;1
1;0
1;0
1;0
1;1
1;0
1;1
1;0
1;0
1;0
1;1
1;0
1;1
1;1
2;1056
1;1062
2;3
1;9
2;30
1;42
2;50
1;61
2;64
1;70
1;1
1;1
1;0
1;0
2;5
1;12
2;51
1;57
2;126
1;132
1;0
1;1
1;0
1;0
1;0
1;0
2;149
1;155
1;0
1;1
1;0
1;0
1;0
1;1
1;0
1;0
1;0
1;1
1;0
1;0
1;1
2;146
1;151
1;0
1;0
1;1
1;0
1;1
1;0
1;1
1;1
1;0
1;1
1;0
2;40
1;45
1;0
1;1
1;0
1;0
1;0
1;0
2;148
1;154
1;0
1;1
1;1
1;1
2;362
1;368
2;427
1;433
2;469
1;475
1;1
1;0
1;1
1;1
1;0
1;0
1;1
1;0
1;1
1;0
1;0
1;1
1;1
1;1
1;0
1;0
1;0
1;0
1;1
1;0
1;0
1;1
1;0
1;1
1;0
1;1
1;0
1;0
1;0
1;0
1;0
1;1
1;1
2;156
1;162
1;1
1;0
1;0
1;1
1;0
1;0
1;0
1;1
1;0
1;1
1;1
1;0
1;1
1;0
1;0
2;96
1;101
1;1
1;0
1;0
1;0
1;0
1;1
1;0
1;1
1;1
1;1
1;0
1;0
1;1
1;0
1;1
1;0
1;1
1;0
1;0
1;0
1;0
1;0
2;8
1;13
1;0
1;1
1;0
1;1
1;0
1;0
1;1
2;212
1;218
1;0
1;1
1;1
1;1
2;30
1;37
1;0
1;1
1;1
1;1
1;0
1;0
1;0
1;1
1;0
1;0
1;0
1;0
1;0
2;17
1;23
1;0
1;1
1;0
1;2
2;26
1;33
2;60
1;67
2;118
1;124
2;151
1;157
2;173
1;179
2;183
1;188
2;198
1;204
2;318
1;324
2;381
1;388
1;0
1;0
2;38
1;44
2;104
1;110
1;0
1;0
1;1
1;1
1;1
1;0
1;0
1;1
1;1
1;0
1;0
1;0
1;0
1;1
1;1
1;0
1;0
1;0
1;1
1;0
1;0
1;0
1;1
1;1
1;1
1;0
1;0
2;845
1;850
1;0
1;1
1;0
1;0
1;1
1;1
1;1
1;0
1;0
1;1
1;1
1;0
1;1
1;0
1;0
1;0
1;0
1;1
2;92
1;98
1;0
1;0
1;0
1;1
1;0
1;0
1;1
1;0
1;1
1;0
1;0
1;0
1;1
1;0
1;0
1;0
1;1
2;549
1;555
1;1
1;1
1;1
1;1
1;1
1;2
1;1
1;0
1;0
1;1
1;0
1;0
1;0
1;0
1;0
1;1
1;0
1;0
1;0
1;0
2;26
1;32
2;7
1;13
2;18
1;24
2;73
1;78
2;87
1;93
2;95
1;101
2;105
1;111
2;165
1;171
2;193
1;199
2;207
1;213
2;217
1;223
1;0
1;0
1;0
1;1
1;1
1;1
1;1
1;0
1;0
1;0
1;0
1;0
2;190
1;196
1;1
1;0
1;1
1;0
1;0
1;1
1;1
1;0
2;18
1;24
1;0
1;0
1;1
1;0
1;0
1;0
1;1
1;0
1;1
1;0
1;0
1;2
1;0
1;0
1;1
1;1
1;0
1;1
1;0
1;1
1;0
1;1
1;1
1;0
1;1
1;0
1;1
2;151
1;156
1;0
1;1
1;0
1;1
1;0
1;4
1;0
1;0
2;453
1;459
1;0
1;0
1;1
1;1
1;1
2;619
1;625
2;630
1;636
3;642
2;669
1;675
2;680
1;686
2;733
1;740
1;0
1;0
2;243
1;250
1;0
1;0
1;1
1;1
1;0
1;0
1;1
1;0
1;0
1;0
1;0
1;0
1;0
1;0
1;0
1;0
1;0
1;0
1;0
2;1598
1;1604
1;0
1;0
1;0
1;1
1;1
1;0
1;0
1;0
1;1
1;0
1;1
1;0
1;1
3;8
1;1
1;0
1;0
1;0
1;0
1;0
1;1
1;1
1;0
1;1
1;1
1;1
1;1
1;1
1;0
1;0
1;1
1;0
1;0
1;0
1;1
1;1
1;1
1;0
1;1
1;0
1;1
1;0
1;0
1;0
1;0
2;59
1;65
1;0
1;0
